{
	"credit": "Made with Blockbench",
	"ambientocclusion": false,
	"texture_size": [256, 256],
	"textures": {
		"0": "gui/animated_logo",
		"1": "gui/logobg",
		"particle": "gui/animated_logo"
	},
	"elements": [
		{
			"from": [0, 0, 0],
			"to": [16, 16, 0],
			"faces": {
				"north": {"uv": [0, 0, 1, 1], "texture": "#0"},
				"east": {"uv": [0, 0, 0, 1], "texture": "#1"},
				"south": {"uv": [0.0625, 0.0625, 16.0625, 16.0625], "texture": "#0"},
				"west": {"uv": [0, 0, 0, 1], "texture": "#1"},
				"up": {"uv": [0, 0, 1, 0], "texture": "#1"},
				"down": {"uv": [0, 0, 1, 0], "texture": "#1"}
			}
		},
		{
			"from": [-16, -16, -2],
			"to": [32, 31, -2],
			"faces": {
				"north": {"uv": [0, 0, 1, 1], "texture": "#1"},
				"east": {"uv": [0, 0, 1, 1], "texture": "#1"},
				"south": {"uv": [0, 0, 1, 1], "texture": "#1"},
				"west": {"uv": [0, 0, 1, 1], "texture": "#1"},
				"up": {"uv": [0, 0, 1, 1], "texture": "#1"},
				"down": {"uv": [0, 0, 1, 1], "texture": "#1"}
			}
		}
	],
	"display": {
		"firstperson_righthand": {
			"translation": [-9.75, 8.25, 0],
			"scale": [2.51563, 2.55273, 1]
		},
		"firstperson_lefthand": {
			"translation": [-9.75, 8.25, 0],
			"scale": [2.51563, 2.55273, 1]
		}
	}
}