{
	"texture_size": [64, 32],
	"textures": {
		"0": "entity/squid/glow_squid"
	},
	"elements": [
		{
			"from": [0, 0, 0],
			"to": [8, 7, 11],
			"rotation": {"angle": -45, "axis": "z", "origin": [4, 3.5, 11]},
			"faces": {
				"north": {"uv": [3, 0, 6, 6], "texture": "#0"},
				"east": {"uv": [6, 6.5, 9, 14], "texture": "#0"},
				"south": {"uv": [6, 0, 9, 6], "texture": "#0"},
				"west": {"uv": [0, 6, 3, 14], "texture": "#0"},
				"up": {"uv": [3, 6, 6, 14], "texture": "#0"},
				"down": {"uv": [9, 6, 12, 14], "texture": "#0"}
			}
		},
		{
			"from": [0, 3, 10],
			"to": [1.5, 4.1, 24],
			"rotation": {"angle": -45, "axis": "z", "origin": [4, 3.5, 11]},
			"faces": {
				"north": {"uv": [12, 1, 12.5, 10], "rotation": 90, "texture": "#0"},
				"east": {"uv": [12, 1, 12.5, 10], "rotation": 270, "texture": "#0"},
				"south": {"uv": [12.5, 0, 13, 1], "rotation": 270, "texture": "#0"},
				"west": {"uv": [12, 1, 12.5, 10], "rotation": 270, "texture": "#0"},
				"up": {"uv": [12, 1, 12.5, 10], "rotation": 270, "texture": "#0"},
				"down": {"uv": [12, 1, 12.5, 10], "rotation": 270, "texture": "#0"}
			}
		},
		{
			"from": [3.5, 6, 10],
			"to": [5, 6.9, 24],
			"rotation": {"angle": -45, "axis": "z", "origin": [4, 3.5, 11]},
			"faces": {
				"north": {"uv": [12, 1, 12.5, 10], "texture": "#0"},
				"east": {"uv": [12, 1, 12.5, 10], "texture": "#0"},
				"south": {"uv": [12.5, 0, 13, 1], "texture": "#0"},
				"west": {"uv": [12, 1, 12.5, 10], "texture": "#0"},
				"up": {"uv": [12, 1, 12.5, 10], "texture": "#0"},
				"down": {"uv": [12, 1, 12.5, 10], "texture": "#0"}
			}
		},
		{
			"from": [5.5, 5, 10],
			"to": [7, 6.1, 24],
			"rotation": {"angle": -45, "axis": "z", "origin": [4, 3.5, 11]},
			"faces": {
				"north": {"uv": [12, 1, 12.5, 10], "texture": "#0"},
				"east": {"uv": [12, 1, 12.5, 10], "texture": "#0"},
				"south": {"uv": [12.5, 0, 13, 1], "texture": "#0"},
				"west": {"uv": [12, 1, 12.5, 10], "texture": "#0"},
				"up": {"uv": [12, 1, 12.5, 10], "texture": "#0"},
				"down": {"uv": [12, 1, 12.5, 10], "texture": "#0"}
			}
		},
		{
			"from": [1.5, 5, 10],
			"to": [3, 6.1, 24],
			"rotation": {"angle": -45, "axis": "z", "origin": [4, 3.5, 11]},
			"faces": {
				"north": {"uv": [12, 1, 12.5, 10], "texture": "#0"},
				"east": {"uv": [12, 1, 12.5, 10], "texture": "#0"},
				"south": {"uv": [12.5, 0, 13, 1], "texture": "#0"},
				"west": {"uv": [12, 1, 12.5, 10], "texture": "#0"},
				"up": {"uv": [12, 1, 12.5, 10], "texture": "#0"},
				"down": {"uv": [12, 1, 12.5, 10], "texture": "#0"}
			}
		},
		{
			"from": [1.5, 1, 10],
			"to": [3, 2.1, 24],
			"rotation": {"angle": -45, "axis": "z", "origin": [4, 3.5, 11]},
			"faces": {
				"north": {"uv": [12, 1, 12.5, 10], "texture": "#0"},
				"east": {"uv": [12, 1, 12.5, 10], "texture": "#0"},
				"south": {"uv": [12.5, 0, 13, 1], "texture": "#0"},
				"west": {"uv": [12, 1, 12.5, 10], "texture": "#0"},
				"up": {"uv": [12, 1, 12.5, 10], "texture": "#0"},
				"down": {"uv": [12, 1, 12.5, 10], "texture": "#0"}
			}
		},
		{
			"from": [5.5, 1, 10],
			"to": [7, 2.1, 24],
			"rotation": {"angle": -45, "axis": "z", "origin": [4, 3.5, 11]},
			"faces": {
				"north": {"uv": [12, 1, 12.5, 10], "texture": "#0"},
				"east": {"uv": [12, 1, 12.5, 10], "texture": "#0"},
				"south": {"uv": [12.5, 0, 13, 1], "texture": "#0"},
				"west": {"uv": [12, 1, 12.5, 10], "texture": "#0"},
				"up": {"uv": [12, 1, 12.5, 10], "texture": "#0"},
				"down": {"uv": [12, 1, 12.5, 10], "texture": "#0"}
			}
		},
		{
			"from": [7, 3, 10],
			"to": [7.9, 4.1, 24],
			"rotation": {"angle": -45, "axis": "z", "origin": [4, 3.5, 11]},
			"faces": {
				"north": {"uv": [12, 1, 12.5, 10], "rotation": 270, "texture": "#0"},
				"east": {"uv": [12, 1, 12.5, 10], "rotation": 90, "texture": "#0"},
				"south": {"uv": [12.5, 0, 13, 1], "rotation": 90, "texture": "#0"},
				"west": {"uv": [12, 1, 12.5, 10], "rotation": 90, "texture": "#0"},
				"up": {"uv": [12, 1, 12.5, 10], "rotation": 90, "texture": "#0"},
				"down": {"uv": [12, 1, 12.5, 10], "rotation": 90, "texture": "#0"}
			}
		},
		{
			"from": [3.5, 0, 10],
			"to": [5, 1.1, 24],
			"rotation": {"angle": -45, "axis": "z", "origin": [4, 3.5, 11]},
			"faces": {
				"north": {"uv": [12, 1, 12.5, 10], "rotation": 270, "texture": "#0"},
				"east": {"uv": [12, 1, 12.5, 10], "rotation": 90, "texture": "#0"},
				"south": {"uv": [12.5, 0, 13, 1], "rotation": 90, "texture": "#0"},
				"west": {"uv": [12, 1, 12.5, 10], "rotation": 90, "texture": "#0"},
				"up": {"uv": [12, 1, 12.5, 10], "rotation": 90, "texture": "#0"},
				"down": {"uv": [12, 1, 12.5, 10], "rotation": 90, "texture": "#0"}
			}
		}
	],
	"display": {
		"gui": {
			"translation": [7.75, 10.25, 0],
			"scale": [2.00586, 2.30078, 1]
		},
		"head": {
			"translation": [8.5, -38, 0],
			"scale": [2.62891, 2.78125, 2.60547]
		}
	}
}