{
	"texture_size": [64, 32],
	"textures": {
		"0": "entity/squid/glow_squid"
	},
	"elements": [
		{
			"from": [0.5, -0.5, 0],
			"to": [7.5, 7.5, 11],
			"rotation": {"angle": 0, "axis": "z", "origin": [4, 3.5, 11]},
			"faces": {
				"north": {"uv": [3, 0, 6, 6], "rotation": 270, "texture": "#0"},
				"east": {"uv": [3, 6, 6, 14], "rotation": 90, "texture": "#0"},
				"south": {"uv": [6, 0, 9, 6], "rotation": 90, "texture": "#0"},
				"west": {"uv": [9, 6, 12, 14], "rotation": 90, "texture": "#0"},
				"up": {"uv": [0, 6, 3, 14], "rotation": 90, "texture": "#0"},
				"down": {"uv": [6, 6.5, 9, 14], "rotation": 90, "texture": "#0"}
			}
		},
		{
			"from": [3.5, 6, 10],
			"to": [4.6, 7.5, 24],
			"rotation": {"angle": 0, "axis": "z", "origin": [4, 3.5, 11]},
			"faces": {
				"north": {"uv": [12, 1, 12.5, 10], "texture": "#0"},
				"east": {"uv": [12, 1, 12.5, 10], "texture": "#0"},
				"south": {"uv": [12.5, 0, 13, 1], "texture": "#0"},
				"west": {"uv": [12, 1, 12.5, 10], "texture": "#0"},
				"up": {"uv": [12, 1, 12.5, 10], "texture": "#0"},
				"down": {"uv": [12, 1, 12.5, 10], "texture": "#0"}
			}
		},
		{
			"from": [6.5, 2.5, 10],
			"to": [7.4, 4, 24],
			"rotation": {"angle": 0, "axis": "z", "origin": [4, 3.5, 11]},
			"faces": {
				"north": {"uv": [12, 1, 12.5, 10], "rotation": 270, "texture": "#0"},
				"east": {"uv": [12, 1, 12.5, 10], "rotation": 90, "texture": "#0"},
				"south": {"uv": [12.5, 0, 13, 1], "rotation": 90, "texture": "#0"},
				"west": {"uv": [12, 1, 12.5, 10], "rotation": 90, "texture": "#0"},
				"up": {"uv": [12, 1, 12.5, 10], "rotation": 90, "texture": "#0"},
				"down": {"uv": [12, 1, 12.5, 10], "rotation": 90, "texture": "#0"}
			}
		},
		{
			"from": [5.5, 0.5, 10],
			"to": [6.6, 2, 24],
			"rotation": {"angle": 0, "axis": "z", "origin": [4, 3.5, 11]},
			"faces": {
				"north": {"uv": [12, 1, 12.5, 10], "rotation": 270, "texture": "#0"},
				"east": {"uv": [12, 1, 12.5, 10], "rotation": 90, "texture": "#0"},
				"south": {"uv": [12.5, 0, 13, 1], "rotation": 90, "texture": "#0"},
				"west": {"uv": [12, 1, 12.5, 10], "rotation": 90, "texture": "#0"},
				"up": {"uv": [12, 1, 12.5, 10], "rotation": 90, "texture": "#0"},
				"down": {"uv": [12, 1, 12.5, 10], "rotation": 90, "texture": "#0"}
			}
		},
		{
			"from": [5.5, 4.5, 10],
			"to": [6.6, 6, 24],
			"rotation": {"angle": 0, "axis": "z", "origin": [4, 3.5, 11]},
			"faces": {
				"north": {"uv": [12, 1, 12.5, 10], "rotation": 270, "texture": "#0"},
				"east": {"uv": [12, 1, 12.5, 10], "rotation": 90, "texture": "#0"},
				"south": {"uv": [12.5, 0, 13, 1], "rotation": 90, "texture": "#0"},
				"west": {"uv": [12, 1, 12.5, 10], "rotation": 90, "texture": "#0"},
				"up": {"uv": [12, 1, 12.5, 10], "rotation": 90, "texture": "#0"},
				"down": {"uv": [12, 1, 12.5, 10], "rotation": 90, "texture": "#0"}
			}
		},
		{
			"from": [1.5, 4.5, 10],
			"to": [2.6, 6, 24],
			"rotation": {"angle": 0, "axis": "z", "origin": [4, 3.5, 11]},
			"faces": {
				"north": {"uv": [12, 1, 12.5, 10], "rotation": 270, "texture": "#0"},
				"east": {"uv": [12, 1, 12.5, 10], "rotation": 90, "texture": "#0"},
				"south": {"uv": [12.5, 0, 13, 1], "rotation": 90, "texture": "#0"},
				"west": {"uv": [12, 1, 12.5, 10], "rotation": 90, "texture": "#0"},
				"up": {"uv": [12, 1, 12.5, 10], "rotation": 90, "texture": "#0"},
				"down": {"uv": [12, 1, 12.5, 10], "rotation": 90, "texture": "#0"}
			}
		},
		{
			"from": [1.5, 0.5, 10],
			"to": [2.6, 2, 24],
			"rotation": {"angle": 0, "axis": "z", "origin": [4, 3.5, 11]},
			"faces": {
				"north": {"uv": [12, 1, 12.5, 10], "rotation": 270, "texture": "#0"},
				"east": {"uv": [12, 1, 12.5, 10], "rotation": 90, "texture": "#0"},
				"south": {"uv": [12.5, 0, 13, 1], "rotation": 90, "texture": "#0"},
				"west": {"uv": [12, 1, 12.5, 10], "rotation": 90, "texture": "#0"},
				"up": {"uv": [12, 1, 12.5, 10], "rotation": 90, "texture": "#0"},
				"down": {"uv": [12, 1, 12.5, 10], "rotation": 90, "texture": "#0"}
			}
		},
		{
			"from": [3.5, -0.4, 10],
			"to": [4.6, 0.5, 24],
			"rotation": {"angle": 0, "axis": "z", "origin": [4, 3.5, 11]},
			"faces": {
				"north": {"uv": [12, 1, 12.5, 10], "rotation": 180, "texture": "#0"},
				"east": {"uv": [12, 1, 12.5, 10], "rotation": 180, "texture": "#0"},
				"south": {"uv": [12.5, 0, 13, 1], "rotation": 180, "texture": "#0"},
				"west": {"uv": [12, 1, 12.5, 10], "rotation": 180, "texture": "#0"},
				"up": {"uv": [12, 1, 12.5, 10], "rotation": 180, "texture": "#0"},
				"down": {"uv": [12, 1, 12.5, 10], "rotation": 180, "texture": "#0"}
			}
		},
		{
			"from": [0.5, 2.5, 10],
			"to": [1.6, 4, 24],
			"rotation": {"angle": 0, "axis": "z", "origin": [4, 3.5, 11]},
			"faces": {
				"north": {"uv": [12, 1, 12.5, 10], "rotation": 180, "texture": "#0"},
				"east": {"uv": [12, 1, 12.5, 10], "rotation": 180, "texture": "#0"},
				"south": {"uv": [12.5, 0, 13, 1], "rotation": 180, "texture": "#0"},
				"west": {"uv": [12, 1, 12.5, 10], "rotation": 180, "texture": "#0"},
				"up": {"uv": [12, 1, 12.5, 10], "rotation": 180, "texture": "#0"},
				"down": {"uv": [12, 1, 12.5, 10], "rotation": 180, "texture": "#0"}
			}
		}
	],
	"display": {
		"gui": {
			"translation": [7.75, 10.25, 0],
			"scale": [2.00586, 2.30078, 1]
		},
		"head": {
			"translation": [8.5, -38, 0],
			"scale": [2.62891, 2.78125, 2.60547]
		}
	}
}