{
	"texture_size": [64, 32],
	"textures": {
		"0": "entity/squid/glow_squid"
	},
	"elements": [
		{
			"name": "body",
			"from": [0, 0, -1],
			"to": [12, 12, 15],
			"rotation": {"angle": 0, "axis": "z", "origin": [0, -1, 0]},
			"faces": {
				"north": {"uv": [6, 6, 3, 0], "texture": "#0"},
				"east": {"uv": [6, 6, 9, 14], "rotation": 90, "texture": "#0"},
				"south": {"uv": [9, 0, 6, 6], "rotation": 180, "texture": "#0"},
				"west": {"uv": [0, 6, 3, 14], "rotation": 270, "texture": "#0"},
				"up": {"uv": [3, 6, 6, 14], "texture": "#0"},
				"down": {"uv": [9, 6, 12, 14], "rotation": 180, "texture": "#0"}
			}
		},
		{
			"name": "tentacle1",
			"from": [0, 5, 14],
			"to": [2, 7, 32],
			"rotation": {"angle": 0, "axis": "z", "origin": [0, -1, 0]},
			"faces": {
				"north": {"uv": [13, 1, 12.5, 0], "texture": "#0"},
				"east": {"uv": [13, 1, 13.5, 10], "rotation": 90, "texture": "#0"},
				"south": {"uv": [13.5, 0, 13, 1], "rotation": 180, "texture": "#0"},
				"west": {"uv": [12, 1, 12.5, 10], "rotation": 270, "texture": "#0"},
				"up": {"uv": [12.5, 1, 13, 10], "texture": "#0"},
				"down": {"uv": [13.5, 1, 14, 10], "rotation": 180, "texture": "#0"}
			}
		},
		{
			"name": "tentacle2_rotation",
			"from": [8.25, 3.5, 14],
			"to": [10.25, 5.5, 32],
			"rotation": {"angle": 45, "axis": "z", "origin": [0, -1, 0]},
			"faces": {
				"north": {"uv": [13, 1, 12.5, 0], "texture": "#0"},
				"east": {"uv": [13, 1, 13.5, 10], "rotation": 90, "texture": "#0"},
				"south": {"uv": [13.5, 0, 13, 1], "rotation": 180, "texture": "#0"},
				"west": {"uv": [12, 1, 12.5, 10], "rotation": 270, "texture": "#0"},
				"up": {"uv": [12.5, 1, 13, 10], "texture": "#0"},
				"down": {"uv": [13.5, 1, 14, 10], "rotation": 180, "texture": "#0"}
			}
		},
		{
			"name": "tentacle3",
			"from": [5, 10, 14],
			"to": [7, 12, 32],
			"rotation": {"angle": 0, "axis": "z", "origin": [0, -1, 0]},
			"faces": {
				"north": {"uv": [13, 1, 12.5, 0], "texture": "#0"},
				"east": {"uv": [13, 1, 13.5, 10], "rotation": 90, "texture": "#0"},
				"south": {"uv": [13.5, 0, 13, 1], "rotation": 180, "texture": "#0"},
				"west": {"uv": [12, 1, 12.5, 10], "rotation": 270, "texture": "#0"},
				"up": {"uv": [12.5, 1, 13, 10], "texture": "#0"},
				"down": {"uv": [13.5, 1, 14, 10], "rotation": 180, "texture": "#0"}
			}
		},
		{
			"name": "tentacle4_rotation",
			"from": [-1.75, 12, 14],
			"to": [0.25, 14, 32],
			"rotation": {"angle": -45, "axis": "z", "origin": [0, -1, 0]},
			"faces": {
				"north": {"uv": [13, 1, 12.5, 0], "texture": "#0"},
				"east": {"uv": [13, 1, 13.5, 10], "rotation": 90, "texture": "#0"},
				"south": {"uv": [13.5, 0, 13, 1], "rotation": 180, "texture": "#0"},
				"west": {"uv": [12, 1, 12.5, 10], "rotation": 270, "texture": "#0"},
				"up": {"uv": [12.5, 1, 13, 10], "texture": "#0"},
				"down": {"uv": [13.5, 1, 14, 10], "rotation": 180, "texture": "#0"}
			}
		},
		{
			"name": "tentacle5",
			"from": [10, 5, 14],
			"to": [12, 7, 32],
			"rotation": {"angle": 0, "axis": "z", "origin": [0, -1, 0]},
			"faces": {
				"north": {"uv": [13, 1, 12.5, 0], "texture": "#0"},
				"east": {"uv": [13, 1, 13.5, 10], "rotation": 90, "texture": "#0"},
				"south": {"uv": [13.5, 0, 13, 1], "rotation": 180, "texture": "#0"},
				"west": {"uv": [12, 1, 12.5, 10], "rotation": 270, "texture": "#0"},
				"up": {"uv": [12.5, 1, 13, 10], "texture": "#0"},
				"down": {"uv": [13.5, 1, 14, 10], "rotation": 180, "texture": "#0"}
			}
		},
		{
			"name": "tentacle6_rotation",
			"from": [3, 7.25, 14],
			"to": [5, 9.25, 32],
			"rotation": {"angle": -45, "axis": "z", "origin": [0, -1, 0]},
			"faces": {
				"north": {"uv": [13, 1, 12.5, 0], "texture": "#0"},
				"east": {"uv": [13, 1, 13.5, 10], "rotation": 90, "texture": "#0"},
				"south": {"uv": [13.5, 0, 13, 1], "rotation": 180, "texture": "#0"},
				"west": {"uv": [12, 1, 12.5, 10], "rotation": 270, "texture": "#0"},
				"up": {"uv": [12.5, 1, 13, 10], "texture": "#0"},
				"down": {"uv": [13.5, 1, 14, 10], "rotation": 180, "texture": "#0"}
			}
		},
		{
			"name": "tentacle7_rotation",
			"from": [5, 0, 14],
			"to": [7, 2, 32],
			"rotation": {"angle": 0, "axis": "z", "origin": [0, -1, 0]},
			"faces": {
				"north": {"uv": [13, 1, 12.5, 0], "texture": "#0"},
				"east": {"uv": [13, 1, 13.5, 10], "rotation": 90, "texture": "#0"},
				"south": {"uv": [13.5, 0, 13, 1], "rotation": 180, "texture": "#0"},
				"west": {"uv": [12, 1, 12.5, 10], "rotation": 270, "texture": "#0"},
				"up": {"uv": [12.5, 1, 13, 10], "texture": "#0"},
				"down": {"uv": [13.5, 1, 14, 10], "rotation": 180, "texture": "#0"}
			}
		},
		{
			"name": "tentacle8_rotation",
			"from": [3.5, -1.25, 14],
			"to": [5.5, 0.75, 32],
			"rotation": {"angle": 45, "axis": "z", "origin": [0, -1, 0]},
			"faces": {
				"north": {"uv": [13, 1, 12.5, 0], "rotation": 270, "texture": "#0"},
				"east": {"uv": [12.5, 1, 13, 10], "rotation": 90, "texture": "#0"},
				"south": {"uv": [13.5, 0, 13, 1], "rotation": 270, "texture": "#0"},
				"west": {"uv": [13.5, 1, 14, 10], "rotation": 270, "texture": "#0"},
				"up": {"uv": [12, 1, 12.5, 10], "texture": "#0"},
				"down": {"uv": [13, 1, 13.5, 10], "rotation": 180, "texture": "#0"}
			}
		}
	],
	"display": {
		"head": {
			"translation": [3, -46.125, -2.5],
			"scale": [1.5, 1.5, 1.5]
		}
	},
	"groups": [
		{
			"name": "body",
			"origin": [0, 25, 0],
			"color": 0,
			"children": [0]
		},
		{
			"name": "tentacle1",
			"origin": [-5, 18, 0],
			"color": 0,
			"children": [1]
		},
		{
			"name": "tentacle2",
			"origin": [-3.5, 18, -3.5],
			"color": 0,
			"children": [
				{
					"name": "tentacle2_rotation",
					"origin": [3.5, 9, -3.5],
					"color": 0,
					"children": [2]
				}
			]
		},
		{
			"name": "tentacle3",
			"origin": [0, 18, -5],
			"color": 0,
			"children": [3]
		},
		{
			"name": "tentacle4",
			"origin": [3.5, 18, -3.5],
			"color": 0,
			"children": [
				{
					"name": "tentacle4_rotation",
					"origin": [-3.5, 9, -3.5],
					"color": 0,
					"children": [4]
				}
			]
		},
		{
			"name": "tentacle5",
			"origin": [-10, 18, -5],
			"color": 0,
			"children": [5]
		},
		{
			"name": "tentacle6",
			"origin": [3.5, 18, 3.5],
			"color": 0,
			"children": [
				{
					"name": "tentacle6_rotation",
					"origin": [-3.5, 9, 3.5],
					"color": 0,
					"children": [6]
				}
			]
		},
		{
			"name": "tentacle7",
			"origin": [0, 18, 1.65],
			"color": 0,
			"children": [
				{
					"name": "tentacle7_rotation",
					"origin": [0, 9, -1.7],
					"color": 0,
					"children": [7]
				}
			]
		},
		{
			"name": "tentacle8",
			"origin": [-3.5, 18, 3.5],
			"color": 0,
			"children": [
				{
					"name": "tentacle8_rotation",
					"origin": [3.5, 9, 3.5],
					"color": 0,
					"children": [8]
				}
			]
		}
	]
}