{
	"texture_size": [64, 64],
	"textures": {
		"0": "entity/villager/type/crown_hurt"
	},
	"elements": [{
			"from": [5, 0, 5],
			"to": [11, 5, 11],
			"faces": {
				"north": {
					"uv": [14.5, 12, 16, 13.25],
					"texture": "#0"
				},
				"east": {
					"uv": [13, 12, 14.5, 13.25],
					"texture": "#0"
				},
				"south": {
					"uv": [14.5, 13.25, 16, 14.5],
					"texture": "#0"
				},
				"west": {
					"uv": [13, 13.25, 14.5, 14.5],
					"texture": "#0"
				},
				"up": {
					"uv": [0, 0, 0, 0],
					"texture": "#0"
				},
				"down": {
					"uv": [0, 0, 0, 0],
					"texture": "#0"
				}
			}
		},
		{
			"from": [11, 5, 11],
			"to": [5, 0, 5],
			"faces": {
				"north": {
					"uv": [16, 13.25, 14.5, 14.5],
					"rotation": 180,
					"texture": "#0"
				},
				"east": {
					"uv": [14.5, 13.25, 13, 14.5],
					"rotation": 180,
					"texture": "#0"
				},
				"south": {
					"uv": [16, 12, 14.5, 13.25],
					"rotation": 180,
					"texture": "#0"
				},
				"west": {
					"uv": [14.5, 12, 13, 13.25],
					"rotation": 180,
					"texture": "#0"
				},
				"up": {
					"uv": [0, 0, 0, 0],
					"texture": "#0"
				},
				"down": {
					"uv": [0, 0, 0, 0],
					"texture": "#0"
				}
			}
		}
	],
	"display": {
		"head": {
			"translation": [0, 19.6, 0],
			"scale": [1.65, 1.65, 1.65]
		}
	}
}