{"textures":{"0":"minecraft:entity/mammals/elephant/elephant"},"elements":[{"name":"body_sub_5","from":[4.7,-9.700001,4.7],"to":[11.3,11.3,11.3],"rotation":{"angle":0.0,"axis":"x","origin":[15.5,-9.700001,9.8]},"faces":{"down":{"uv":[5.75,7.75,6.4375,8.4375],"rotation":0,"texture":"#0","tintindex":0},"east":{"uv":[6.4375,8.4375,5.75,10.625],"rotation":0,"texture":"#0","tintindex":0},"north":{"uv":[5.75,8.4375,5.0625,10.625],"rotation":0,"texture":"#0","tintindex":0},"south":{"uv":[7.125,8.4375,6.4375,10.625],"rotation":0,"texture":"#0","tintindex":0},"up":{"uv":[5.0625,8.4375,5.75,7.75],"rotation":0,"texture":"#0","tintindex":0},"west":{"uv":[5.0625,8.4375,4.375,10.625],"rotation":0,"texture":"#0","tintindex":0}}},{"name":"body_sub_5 inverted","from":[11.3,11.3,11.3],"to":[4.7,-9.700001,4.7],"rotation":{"angle":0.0,"axis":"x","origin":[15.5,-9.700001,9.8]},"faces":{"down":{"uv":[5.75,8.4375,5.0625,7.75],"rotation":0,"texture":"#0","tintindex":0},"east":{"uv":[5.0625,10.625,4.375,8.4375],"rotation":0,"texture":"#0","tintindex":0},"north":{"uv":[7.125,10.625,6.4375,8.4375],"rotation":0,"texture":"#0","tintindex":0},"south":{"uv":[5.75,10.625,5.0625,8.4375],"rotation":0,"texture":"#0","tintindex":0},"up":{"uv":[6.4375,7.75,5.75,8.4375],"rotation":0,"texture":"#0","tintindex":0},"west":{"uv":[6.4375,10.625,5.75,8.4375],"rotation":0,"texture":"#0","tintindex":0}}}],"display":{"head":{"translation":[0.0,-6.4,0.0],"rotation":[0.0,0.0,0.0],"scale":[3.8095,3.8095,3.8095]}}}