{"textures":{"0":"minecraft:entity/mammals/elephant/elephant"},"elements":[{"name":"body","from":[-0.40000033,3.2000005,7.1],"to":[16.400002,32.0,26.3],"rotation":{"angle":0.0,"axis":"x","origin":[8.0,7.700001,8.0]},"faces":{"down":{"uv":[13.25,3.0,11.5,5.0],"rotation":0,"texture":"#0","tintindex":0},"east":{"uv":[7.75,5.0,9.75,8.0],"rotation":0,"texture":"#0","tintindex":0},"north":{"uv":[9.75,5.0,11.5,8.0],"rotation":0,"texture":"#0","tintindex":0},"south":{"uv":[13.5,5.0,15.25,8.0],"rotation":0,"texture":"#0","tintindex":0},"up":{"uv":[11.5,5.0,9.75,3.0],"rotation":0,"texture":"#0","tintindex":0},"west":{"uv":[11.5,5.0,13.5,8.0],"rotation":0,"texture":"#0","tintindex":0}}},{"name":"body inverted","from":[16.400002,32.0,26.3],"to":[-0.40000033,3.2000005,7.1],"rotation":{"angle":0.0,"axis":"x","origin":[8.0,7.700001,8.0]},"faces":{"down":{"uv":[9.75,5.0,11.5,3.0],"rotation":0,"texture":"#0","tintindex":0},"east":{"uv":[11.5,8.0,13.5,5.0],"rotation":0,"texture":"#0","tintindex":0},"north":{"uv":[13.5,8.0,15.25,5.0],"rotation":0,"texture":"#0","tintindex":0},"south":{"uv":[9.75,8.0,11.5,5.0],"rotation":0,"texture":"#0","tintindex":0},"up":{"uv":[11.5,3.0,13.25,5.0],"rotation":0,"texture":"#0","tintindex":0},"west":{"uv":[7.75,8.0,9.75,5.0],"rotation":0,"texture":"#0","tintindex":0}}}],"display":{"head":{"translation":[0.0,-5.280003,0.0],"rotation":[0.0,0.0,0.0],"scale":[3.8095,3.8095,3.8095]}}}