{"textures":{"0":"minecraft:entity/mammals/elephant/elephant"},"elements":[{"name":"body_sub_8","from":[4.7,-8.500001,4.7],"to":[11.3,11.3,11.3],"rotation":{"angle":0.0,"axis":"x","origin":[15.5,-8.500001,-8.500001]},"faces":{"down":{"uv":[3.0,7.6875,3.6875,8.375],"rotation":0,"texture":"#0","tintindex":0},"east":{"uv":[3.6875,8.375,3.0,10.4375],"rotation":0,"texture":"#0","tintindex":0},"north":{"uv":[3.0,8.375,2.3125,10.4375],"rotation":0,"texture":"#0","tintindex":0},"south":{"uv":[4.375,8.375,3.6875,10.4375],"rotation":0,"texture":"#0","tintindex":0},"up":{"uv":[2.3125,8.375,3.0,7.6875],"rotation":0,"texture":"#0","tintindex":0},"west":{"uv":[2.3125,8.375,1.625,10.4375],"rotation":0,"texture":"#0","tintindex":0}}},{"name":"body_sub_8 inverted","from":[11.3,11.3,11.3],"to":[4.7,-8.500001,4.7],"rotation":{"angle":0.0,"axis":"x","origin":[15.5,-8.500001,-8.500001]},"faces":{"down":{"uv":[3.0,8.375,2.3125,7.6875],"rotation":0,"texture":"#0","tintindex":0},"east":{"uv":[2.3125,10.4375,1.625,8.375],"rotation":0,"texture":"#0","tintindex":0},"north":{"uv":[4.375,10.4375,3.6875,8.375],"rotation":0,"texture":"#0","tintindex":0},"south":{"uv":[3.0,10.4375,2.3125,8.375],"rotation":0,"texture":"#0","tintindex":0},"up":{"uv":[3.6875,7.6875,3.0,8.375],"rotation":0,"texture":"#0","tintindex":0},"west":{"uv":[3.6875,10.4375,3.0,8.375],"rotation":0,"texture":"#0","tintindex":0}}}],"display":{"head":{"translation":[0.0,-6.4,0.0],"rotation":[0.0,0.0,0.0],"scale":[3.8095,3.8095,3.8095]}}}