{"textures":{"0":"minecraft:entity/mammals/elephant/elephant"},"elements":[{"name":"body_sub_13","from":[11.0,20.600002,-10.6],"to":[12.2,29.0,-9.400001],"rotation":{"angle":0.0,"axis":"x","origin":[8.0,8.0,8.0]},"faces":{"down":{"uv":[0.25,5.0,0.375,5.125],"rotation":0,"texture":"#0","tintindex":0},"east":{"uv":[0.375,5.125,0.25,6.0],"rotation":0,"texture":"#0","tintindex":0},"north":{"uv":[0.25,5.125,0.125,6.0],"rotation":0,"texture":"#0","tintindex":0},"south":{"uv":[0.5,5.125,0.375,6.0],"rotation":0,"texture":"#0","tintindex":0},"up":{"uv":[0.125,5.125,0.25,5.0],"rotation":0,"texture":"#0","tintindex":0},"west":{"uv":[0.125,5.125,0.0,6.0],"rotation":0,"texture":"#0","tintindex":0}}},{"name":"body_sub_13 inverted","from":[12.2,29.0,-9.400001],"to":[11.0,20.600002,-10.6],"rotation":{"angle":0.0,"axis":"x","origin":[8.0,8.0,8.0]},"faces":{"down":{"uv":[0.25,5.125,0.125,5.0],"rotation":0,"texture":"#0","tintindex":0},"east":{"uv":[0.125,6.0,0.0,5.125],"rotation":0,"texture":"#0","tintindex":0},"north":{"uv":[0.5,6.0,0.375,5.125],"rotation":0,"texture":"#0","tintindex":0},"south":{"uv":[0.25,6.0,0.125,5.125],"rotation":0,"texture":"#0","tintindex":0},"up":{"uv":[0.375,5.0,0.25,5.125],"rotation":0,"texture":"#0","tintindex":0},"west":{"uv":[0.375,6.0,0.25,5.125],"rotation":0,"texture":"#0","tintindex":0}}}],"display":{"head":{"translation":[0.0,-6.4,0.0],"rotation":[0.0,0.0,0.0],"scale":[3.8095,3.8095,3.8095]}}}