{"textures":{"0":"minecraft:entity/mammals/elephant/elephant"},"elements":[{"name":"head2","from":[1.9999998,1.3999997,-1.0000005],"to":[14.0,15.2,11.0],"rotation":{"angle":0.0,"axis":"x","origin":[8.0,-15.400001,16.400002]},"faces":{"down":{"uv":[3.75,5.0,2.5,6.25],"rotation":0,"texture":"#0","tintindex":0},"east":{"uv":[0.0,6.25,1.25,7.6875],"rotation":0,"texture":"#0","tintindex":0},"north":{"uv":[1.25,6.25,2.5,7.6875],"rotation":0,"texture":"#0","tintindex":0},"south":{"uv":[3.75,6.25,5.0,7.6875],"rotation":0,"texture":"#0","tintindex":0},"up":{"uv":[2.5,6.25,1.25,5.0],"rotation":0,"texture":"#0","tintindex":0},"west":{"uv":[2.5,6.25,3.75,7.6875],"rotation":0,"texture":"#0","tintindex":0}}},{"name":"head2","from":[3.7999997,-2.8000002,-2.2000003],"to":[5.0,5.6,-1.0000005],"rotation":{"angle":0.0,"axis":"x","origin":[8.0,-15.400001,16.400002]},"faces":{"down":{"uv":[0.375,5.0,0.25,5.125],"rotation":0,"texture":"#0","tintindex":0},"east":{"uv":[0.0,5.125,0.125,6.0],"rotation":0,"texture":"#0","tintindex":0},"north":{"uv":[0.125,5.125,0.25,6.0],"rotation":0,"texture":"#0","tintindex":0},"south":{"uv":[0.375,5.125,0.5,6.0],"rotation":0,"texture":"#0","tintindex":0},"up":{"uv":[0.25,5.125,0.125,5.0],"rotation":0,"texture":"#0","tintindex":0},"west":{"uv":[0.25,5.125,0.375,6.0],"rotation":0,"texture":"#0","tintindex":0}}},{"name":"head2 inverted","from":[14.0,15.2,11.0],"to":[1.9999998,1.3999997,-1.0000005],"rotation":{"angle":0.0,"axis":"x","origin":[8.0,-15.400001,16.400002]},"faces":{"down":{"uv":[1.25,6.25,2.5,5.0],"rotation":0,"texture":"#0","tintindex":0},"east":{"uv":[2.5,7.6875,3.75,6.25],"rotation":0,"texture":"#0","tintindex":0},"north":{"uv":[3.75,7.6875,5.0,6.25],"rotation":0,"texture":"#0","tintindex":0},"south":{"uv":[1.25,7.6875,2.5,6.25],"rotation":0,"texture":"#0","tintindex":0},"up":{"uv":[2.5,5.0,3.75,6.25],"rotation":0,"texture":"#0","tintindex":0},"west":{"uv":[0.0,7.6875,1.25,6.25],"rotation":0,"texture":"#0","tintindex":0}}},{"name":"head2 inverted","from":[5.0,5.6,-1.0000005],"to":[3.7999997,-2.8000002,-2.2000003],"rotation":{"angle":0.0,"axis":"x","origin":[8.0,-15.400001,16.400002]},"faces":{"down":{"uv":[0.125,5.125,0.25,5.0],"rotation":0,"texture":"#0","tintindex":0},"east":{"uv":[0.25,6.0,0.375,5.125],"rotation":0,"texture":"#0","tintindex":0},"north":{"uv":[0.375,6.0,0.5,5.125],"rotation":0,"texture":"#0","tintindex":0},"south":{"uv":[0.125,6.0,0.25,5.125],"rotation":0,"texture":"#0","tintindex":0},"up":{"uv":[0.25,5.0,0.375,5.125],"rotation":0,"texture":"#0","tintindex":0},"west":{"uv":[0.0,6.0,0.125,5.125],"rotation":0,"texture":"#0","tintindex":0}}}],"display":{"head":{"translation":[0.0,-6.4,0.0],"rotation":[0.0,0.0,0.0],"scale":[3.8095,3.8095,3.8095]}}}