{"textures":{"0":"minecraft:entity/mammals/elephant/elephant"},"elements":[{"name":"right_ear","from":[8.0,2.2999997,7.7],"to":[17.6,13.7,8.3],"rotation":{"angle":0.0,"axis":"x","origin":[5.6,-18.100002,20.3]},"faces":{"down":{"uv":[8.5625,1.625,7.5625,1.6875],"rotation":0,"texture":"#0","tintindex":0},"east":{"uv":[6.5,1.6875,6.5625,2.875],"rotation":0,"texture":"#0","tintindex":0},"north":{"uv":[6.5625,1.6875,7.5625,2.875],"rotation":0,"texture":"#0","tintindex":0},"south":{"uv":[7.625,1.6875,8.625,2.875],"rotation":0,"texture":"#0","tintindex":0},"up":{"uv":[7.5625,1.6875,6.5625,1.625],"rotation":0,"texture":"#0","tintindex":0},"west":{"uv":[7.5625,1.6875,7.625,2.875],"rotation":0,"texture":"#0","tintindex":0}}},{"name":"right_ear inverted","from":[17.6,13.7,8.3],"to":[8.0,2.2999997,7.7],"rotation":{"angle":0.0,"axis":"x","origin":[5.6,-18.100002,20.3]},"faces":{"down":{"uv":[6.5625,1.6875,7.5625,1.625],"rotation":0,"texture":"#0","tintindex":0},"east":{"uv":[7.5625,2.875,7.625,1.6875],"rotation":0,"texture":"#0","tintindex":0},"north":{"uv":[7.625,2.875,8.625,1.6875],"rotation":0,"texture":"#0","tintindex":0},"south":{"uv":[6.5625,2.875,7.5625,1.6875],"rotation":0,"texture":"#0","tintindex":0},"up":{"uv":[7.5625,1.625,8.5625,1.6875],"rotation":0,"texture":"#0","tintindex":0},"west":{"uv":[6.5,2.875,6.5625,1.6875],"rotation":0,"texture":"#0","tintindex":0}}}],"display":{"head":{"translation":[0.0,-6.4,0.0],"rotation":[0.0,0.0,0.0],"scale":[3.8095,3.8095,3.8095]}}}