{"textures":{"0":"minecraft:entity/mammals/elephant/elephant"},"elements":[{"name":"tail","from":[6.2,8.0,-8.200001],"to":[9.8,8.0,8.0],"rotation":{"angle":0.0,"axis":"x","origin":[8.0,12.5,-4.6000004]},"faces":{"down":{"uv":[5.125,10.625,4.75,12.3125],"rotation":0,"texture":"#0","tintindex":0},"east":{"uv":[2.6875,12.3125,4.375,12.3125],"rotation":0,"texture":"#0","tintindex":0},"north":{"uv":[4.375,12.3125,4.75,12.3125],"rotation":0,"texture":"#0","tintindex":0},"south":{"uv":[6.4375,12.3125,6.8125,12.3125],"rotation":0,"texture":"#0","tintindex":0},"up":{"uv":[4.75,12.3125,4.375,10.625],"rotation":0,"texture":"#0","tintindex":0},"west":{"uv":[4.75,12.3125,6.4375,12.3125],"rotation":0,"texture":"#0","tintindex":0}}},{"name":"tail inverted","from":[9.8,8.0,8.0],"to":[6.2,8.0,-8.200001],"rotation":{"angle":0.0,"axis":"x","origin":[8.0,12.5,-4.6000004]},"faces":{"down":{"uv":[4.375,12.3125,4.75,10.625],"rotation":0,"texture":"#0","tintindex":0},"east":{"uv":[4.75,12.3125,6.4375,12.3125],"rotation":0,"texture":"#0","tintindex":0},"north":{"uv":[6.4375,12.3125,6.8125,12.3125],"rotation":0,"texture":"#0","tintindex":0},"south":{"uv":[4.375,12.3125,4.75,12.3125],"rotation":0,"texture":"#0","tintindex":0},"up":{"uv":[4.75,10.625,5.125,12.3125],"rotation":0,"texture":"#0","tintindex":0},"west":{"uv":[2.6875,12.3125,4.375,12.3125],"rotation":0,"texture":"#0","tintindex":0}}}],"display":{"head":{"translation":[0.0,-6.4,0.0],"rotation":[0.0,0.0,0.0],"scale":[3.8095,3.8095,3.8095]}}}