{"textures":{"0":"minecraft:entity/mammals/elephant/elephant"},"elements":[{"name":"trunk","from":[4.9939995,-1.6060004,1.9939996],"to":[11.0060005,8.0060005,8.0060005],"rotation":{"angle":0.0,"axis":"x","origin":[8.0,-18.400002,23.600002]},"faces":{"down":{"uv":[10.875,0.0,10.25,0.625],"rotation":0,"texture":"#0","tintindex":0},"east":{"uv":[9.0,0.625,9.625,1.625],"rotation":0,"texture":"#0","tintindex":0},"north":{"uv":[9.625,0.625,10.25,1.625],"rotation":0,"texture":"#0","tintindex":0},"south":{"uv":[10.875,0.625,11.5,1.625],"rotation":0,"texture":"#0","tintindex":0},"up":{"uv":[10.25,0.625,9.625,0.0],"rotation":0,"texture":"#0","tintindex":0},"west":{"uv":[10.25,0.625,10.875,1.625],"rotation":0,"texture":"#0","tintindex":0}}},{"name":"trunk inverted","from":[11.0060005,8.0060005,8.0060005],"to":[4.9939995,-1.6060004,1.9939996],"rotation":{"angle":0.0,"axis":"x","origin":[8.0,-18.400002,23.600002]},"faces":{"down":{"uv":[9.625,0.625,10.25,0.0],"rotation":0,"texture":"#0","tintindex":0},"east":{"uv":[10.25,1.625,10.875,0.625],"rotation":0,"texture":"#0","tintindex":0},"north":{"uv":[10.875,1.625,11.5,0.625],"rotation":0,"texture":"#0","tintindex":0},"south":{"uv":[9.625,1.625,10.25,0.625],"rotation":0,"texture":"#0","tintindex":0},"up":{"uv":[10.25,0.0,10.875,0.625],"rotation":0,"texture":"#0","tintindex":0},"west":{"uv":[9.0,1.625,9.625,0.625],"rotation":0,"texture":"#0","tintindex":0}}}],"display":{"head":{"translation":[0.0,-6.4,0.0],"rotation":[0.0,0.0,0.0],"scale":[3.8095,3.8095,3.8095]}}}