{"textures":{"0":"minecraft:entity/mammals/elephant/elephant"},"elements":[{"name":"trunk_lower","from":[5.0,-1.6000004,8.0],"to":[11.0,8.0,14.0],"rotation":{"angle":0.0,"axis":"x","origin":[8.0,-8.8,29.600002]},"faces":{"down":{"uv":[8.375,0.0,7.75,0.625],"rotation":0,"texture":"#0","tintindex":0},"east":{"uv":[6.5,0.625,7.125,1.625],"rotation":0,"texture":"#0","tintindex":0},"north":{"uv":[7.125,0.625,7.75,1.625],"rotation":0,"texture":"#0","tintindex":0},"south":{"uv":[8.375,0.625,9.0,1.625],"rotation":0,"texture":"#0","tintindex":0},"up":{"uv":[7.75,0.625,7.125,0.0],"rotation":0,"texture":"#0","tintindex":0},"west":{"uv":[7.75,0.625,8.375,1.625],"rotation":0,"texture":"#0","tintindex":0}}},{"name":"trunk_lower inverted","from":[11.0,8.0,14.0],"to":[5.0,-1.6000004,8.0],"rotation":{"angle":0.0,"axis":"x","origin":[8.0,-8.8,29.600002]},"faces":{"down":{"uv":[7.125,0.625,7.75,0.0],"rotation":0,"texture":"#0","tintindex":0},"east":{"uv":[7.75,1.625,8.375,0.625],"rotation":0,"texture":"#0","tintindex":0},"north":{"uv":[8.375,1.625,9.0,0.625],"rotation":0,"texture":"#0","tintindex":0},"south":{"uv":[7.125,1.625,7.75,0.625],"rotation":0,"texture":"#0","tintindex":0},"up":{"uv":[7.75,0.0,8.375,0.625],"rotation":0,"texture":"#0","tintindex":0},"west":{"uv":[6.5,1.625,7.125,0.625],"rotation":0,"texture":"#0","tintindex":0}}}],"display":{"head":{"translation":[0.0,-6.4,0.0],"rotation":[0.0,0.0,0.0],"scale":[3.8095,3.8095,3.8095]}}}