{
	"texture_size": [64, 64],
	"textures": {
		"0": "entity/scorpion/scorpion_hurt"
	},
	"elements": [
		{
			"from": [4, 3, -4],
			"to": [12, 8, 6],
			"rotation": {"angle": 0, "axis": "y", "origin": [3, 0, -3]},
			"faces": {
				"north": {"uv": [2.5, 7, 4.5, 8.25], "texture": "#0"},
				"east": {"uv": [0, 7, 2.5, 8.25], "texture": "#0"},
				"south": {"uv": [7, 7, 9, 8.25], "texture": "#0"},
				"west": {"uv": [4.5, 7, 7, 8.25], "texture": "#0"},
				"up": {"uv": [4.5, 7, 2.5, 4.5], "texture": "#0"},
				"down": {"uv": [6.5, 4.5, 4.5, 7], "texture": "#0"}
			}
		},
		{
			"from": [5.5, 4, 6],
			"to": [10.5, 8, 12],
			"rotation": {"angle": 0, "axis": "y", "origin": [3, 0, -3]},
			"faces": {
				"north": {"uv": [1.5, 9.75, 2.75, 10.75], "texture": "#0"},
				"east": {"uv": [0, 9.75, 1.5, 10.75], "texture": "#0"},
				"south": {"uv": [4.25, 9.75, 5.5, 10.75], "texture": "#0"},
				"west": {"uv": [2.75, 9.75, 4.25, 10.75], "texture": "#0"},
				"up": {"uv": [2.75, 9.75, 1.5, 8.25], "texture": "#0"},
				"down": {"uv": [4, 8.25, 2.75, 9.75], "texture": "#0"}
			}
		},
		{
			"from": [6, 4, 12],
			"to": [10, 8, 17],
			"rotation": {"angle": 0, "axis": "y", "origin": [3, 0, -3]},
			"faces": {
				"north": {"uv": [1.25, 12, 2.25, 13], "texture": "#0"},
				"east": {"uv": [0, 12, 1.25, 13], "texture": "#0"},
				"south": {"uv": [3.5, 12, 4.5, 13], "texture": "#0"},
				"west": {"uv": [2.25, 12, 3.5, 13], "texture": "#0"},
				"up": {"uv": [2.25, 12, 1.25, 10.75], "texture": "#0"},
				"down": {"uv": [3.25, 10.75, 2.25, 12], "texture": "#0"}
			}
		},
		{
			"from": [6.5, 5, 17],
			"to": [9.5, 8, 21],
			"rotation": {"angle": 0, "axis": "y", "origin": [3, 0, -3]},
			"faces": {
				"north": {"uv": [1, 14, 1.75, 14.75], "texture": "#0"},
				"east": {"uv": [0, 14, 1, 14.75], "texture": "#0"},
				"south": {"uv": [2.75, 14, 3.5, 14.75], "texture": "#0"},
				"west": {"uv": [1.75, 14, 2.75, 14.75], "texture": "#0"},
				"up": {"uv": [1.75, 14, 1, 13], "texture": "#0"},
				"down": {"uv": [2.5, 13, 1.75, 14], "texture": "#0"}
			}
		},
		{
			"from": [7, 5, 21],
			"to": [9, 8, 25],
			"rotation": {"angle": 0, "axis": "y", "origin": [3, 0, -3]},
			"faces": {
				"north": {"uv": [9, 1, 9.5, 1.75], "texture": "#0"},
				"east": {"uv": [8, 1, 9, 1.75], "texture": "#0"},
				"south": {"uv": [10.5, 1, 11, 1.75], "texture": "#0"},
				"west": {"uv": [9.5, 1, 10.5, 1.75], "texture": "#0"},
				"up": {"uv": [9.5, 1, 9, 0], "texture": "#0"},
				"down": {"uv": [10, 0, 9.5, 1], "texture": "#0"}
			}
		},
		{
			"from": [7, 6, 25],
			"to": [9, 8, 28],
			"rotation": {"angle": 0, "axis": "y", "origin": [3, 0, -3]},
			"faces": {
				"north": {"uv": [8.75, 2.5, 9.25, 3], "texture": "#0"},
				"east": {"uv": [8, 2.5, 8.75, 3], "texture": "#0"},
				"south": {"uv": [10, 2.5, 10.5, 3], "texture": "#0"},
				"west": {"uv": [9.25, 2.5, 10, 3], "texture": "#0"},
				"up": {"uv": [9.25, 2.5, 8.75, 1.75], "texture": "#0"},
				"down": {"uv": [9.75, 1.75, 9.25, 2.5], "texture": "#0"}
			}
		},
		{
			"from": [6.5, 5.5, 28],
			"to": [9.5, 8.5, 32],
			"rotation": {"angle": 0, "axis": "y", "origin": [3, 0, -3]},
			"faces": {
				"north": {"uv": [12.5, 1, 13.25, 1.75], "texture": "#0"},
				"east": {"uv": [11.5, 1, 12.5, 1.75], "texture": "#0"},
				"south": {"uv": [14.25, 1, 15, 1.75], "texture": "#0"},
				"west": {"uv": [13.25, 1, 14.25, 1.75], "texture": "#0"},
				"up": {"uv": [13.25, 1, 12.5, 0], "texture": "#0"},
				"down": {"uv": [14, 0, 13.25, 1], "texture": "#0"}
			}
		},
		{
			"from": [3, 3, -16],
			"to": [13, 9, -4],
			"rotation": {"angle": 0, "axis": "y", "origin": [3, 0, -3]},
			"faces": {
				"north": {"uv": [3, 3, 5.5, 4.5], "texture": "#0"},
				"east": {"uv": [0, 3, 3, 4.5], "texture": "#0"},
				"south": {"uv": [8.5, 3, 11, 4.5], "texture": "#0"},
				"west": {"uv": [5.5, 3, 8.5, 4.5], "texture": "#0"},
				"up": {"uv": [5.5, 3, 3, 0], "texture": "#0"},
				"down": {"uv": [8, 0, 5.5, 3], "texture": "#0"}
			}
		},
		{
			"from": [12, 3, -10],
			"to": [20, 5, -8],
			"rotation": {"angle": 0, "axis": "y", "origin": [3, 0, -3]},
			"faces": {
				"north": {"uv": [6.5, 15.5, 8.5, 16], "texture": "#0"},
				"east": {"uv": [6, 15.5, 6.5, 16], "texture": "#0"},
				"south": {"uv": [9, 15.5, 11, 16], "texture": "#0"},
				"west": {"uv": [8.5, 15.5, 9, 16], "texture": "#0"},
				"up": {"uv": [8.5, 15.5, 6.5, 15], "texture": "#0"},
				"down": {"uv": [10.5, 15, 8.5, 15.5], "texture": "#0"}
			}
		},
		{
			"from": [19, 3, -10],
			"to": [27, 5, -8],
			"rotation": {"angle": 0, "axis": "y", "origin": [3, 0, -3]},
			"faces": {
				"north": {"uv": [11.5, 15.5, 13.5, 16], "texture": "#0"},
				"east": {"uv": [11, 15.5, 11.5, 16], "texture": "#0"},
				"south": {"uv": [14, 15.5, 16, 16], "texture": "#0"},
				"west": {"uv": [13.5, 15.5, 14, 16], "texture": "#0"},
				"up": {"uv": [13.5, 15.5, 11.5, 15], "texture": "#0"},
				"down": {"uv": [15.5, 15, 13.5, 15.5], "texture": "#0"}
			}
		},
		{
			"from": [12, 3, -7],
			"to": [20, 5, -5],
			"rotation": {"angle": 0, "axis": "y", "origin": [3, 0, -3]},
			"faces": {
				"north": {"uv": [6.5, 15.5, 8.5, 16], "texture": "#0"},
				"east": {"uv": [6, 15.5, 6.5, 16], "texture": "#0"},
				"south": {"uv": [9, 15.5, 11, 16], "texture": "#0"},
				"west": {"uv": [8.5, 15.5, 9, 16], "texture": "#0"},
				"up": {"uv": [8.5, 15.5, 6.5, 15], "texture": "#0"},
				"down": {"uv": [10.5, 15, 8.5, 15.5], "texture": "#0"}
			}
		},
		{
			"from": [19, 3, -7],
			"to": [27, 5, -5],
			"rotation": {"angle": 0, "axis": "y", "origin": [3, 0, -3]},
			"faces": {
				"north": {"uv": [11.5, 15.5, 13.5, 16], "texture": "#0"},
				"east": {"uv": [11, 15.5, 11.5, 16], "texture": "#0"},
				"south": {"uv": [14, 15.5, 16, 16], "texture": "#0"},
				"west": {"uv": [13.5, 15.5, 14, 16], "texture": "#0"},
				"up": {"uv": [13.5, 15.5, 11.5, 15], "texture": "#0"},
				"down": {"uv": [15.5, 15, 13.5, 15.5], "texture": "#0"}
			}
		},
		{
			"from": [-4, 3, -10],
			"to": [4, 5, -8],
			"shade": false,
			"rotation": {"angle": 0, "axis": "y", "origin": [3, 0, -3]},
			"faces": {
				"north": {"uv": [8.5, 15.5, 6.5, 16], "texture": "#0"},
				"east": {"uv": [9, 15.5, 8.5, 16], "texture": "#0"},
				"south": {"uv": [11, 15.5, 9, 16], "texture": "#0"},
				"west": {"uv": [6.5, 15.5, 6, 16], "texture": "#0"},
				"up": {"uv": [6.5, 15.5, 8.5, 15], "texture": "#0"},
				"down": {"uv": [8.5, 15, 10.5, 15.5], "texture": "#0"}
			}
		},
		{
			"from": [-11, 3, -10],
			"to": [-3, 5, -8],
			"shade": false,
			"rotation": {"angle": 0, "axis": "y", "origin": [3, 0, -3]},
			"faces": {
				"north": {"uv": [13.5, 15.5, 11.5, 16], "texture": "#0"},
				"east": {"uv": [14, 15.5, 13.5, 16], "texture": "#0"},
				"south": {"uv": [16, 15.5, 14, 16], "texture": "#0"},
				"west": {"uv": [11.5, 15.5, 11, 16], "texture": "#0"},
				"up": {"uv": [11.5, 15.5, 13.5, 15], "texture": "#0"},
				"down": {"uv": [13.5, 15, 15.5, 15.5], "texture": "#0"}
			}
		},
		{
			"from": [-4, 3, -7],
			"to": [4, 5, -5],
			"shade": false,
			"rotation": {"angle": 0, "axis": "y", "origin": [3, 0, -3]},
			"faces": {
				"north": {"uv": [8.5, 15.5, 6.5, 16], "texture": "#0"},
				"east": {"uv": [9, 15.5, 8.5, 16], "texture": "#0"},
				"south": {"uv": [11, 15.5, 9, 16], "texture": "#0"},
				"west": {"uv": [6.5, 15.5, 6, 16], "texture": "#0"},
				"up": {"uv": [6.5, 15.5, 8.5, 15], "texture": "#0"},
				"down": {"uv": [8.5, 15, 10.5, 15.5], "texture": "#0"}
			}
		},
		{
			"from": [-11, 3, -7],
			"to": [-3, 5, -5],
			"shade": false,
			"rotation": {"angle": 0, "axis": "y", "origin": [3, 0, -3]},
			"faces": {
				"north": {"uv": [13.5, 15.5, 11.5, 16], "texture": "#0"},
				"east": {"uv": [14, 15.5, 13.5, 16], "texture": "#0"},
				"south": {"uv": [16, 15.5, 14, 16], "texture": "#0"},
				"west": {"uv": [11.5, 15.5, 11, 16], "texture": "#0"},
				"up": {"uv": [11.5, 15.5, 13.5, 15], "texture": "#0"},
				"down": {"uv": [13.5, 15, 15.5, 15.5], "texture": "#0"}
			}
		},
		{
			"from": [-2, 5, -14],
			"to": [4, 7, -12],
			"shade": false,
			"rotation": {"angle": 0, "axis": "y", "origin": [3, 0, -3]},
			"faces": {
				"north": {"uv": [14, 5, 12.5, 5.5], "texture": "#0"},
				"east": {"uv": [14.5, 5, 14, 5.5], "texture": "#0"},
				"south": {"uv": [16, 5, 14.5, 5.5], "texture": "#0"},
				"west": {"uv": [12.5, 5, 12, 5.5], "texture": "#0"},
				"up": {"uv": [12.5, 5, 14, 4.5], "texture": "#0"},
				"down": {"uv": [14, 4.5, 15.5, 5], "texture": "#0"}
			}
		},
		{
			"from": [-7, 4, -15],
			"to": [-1, 8, -11],
			"shade": false,
			"rotation": {"angle": 0, "axis": "y", "origin": [3, 0, -3]},
			"faces": {
				"north": {"uv": [13.5, 6.5, 12, 7.5], "texture": "#0"},
				"east": {"uv": [14.5, 6.5, 13.5, 7.5], "texture": "#0"},
				"south": {"uv": [16, 6.5, 14.5, 7.5], "texture": "#0"},
				"west": {"uv": [12, 6.5, 11, 7.5], "texture": "#0"},
				"up": {"uv": [12, 6.5, 13.5, 5.5], "texture": "#0"},
				"down": {"uv": [13.5, 5.5, 15, 6.5], "texture": "#0"}
			}
		},
		{
			"from": [-11, 5, -13],
			"to": [-6, 7, -11],
			"shade": false,
			"rotation": {"angle": 0, "axis": "y", "origin": [3, 0, -3]},
			"faces": {
				"north": {"uv": [14.25, 8.5, 13, 9], "texture": "#0"},
				"east": {"uv": [14.75, 8.5, 14.25, 9], "texture": "#0"},
				"south": {"uv": [16, 8.5, 14.75, 9], "texture": "#0"},
				"west": {"uv": [13, 8.5, 12.5, 9], "texture": "#0"},
				"up": {"uv": [13, 8.5, 14.25, 8], "texture": "#0"},
				"down": {"uv": [14.25, 8, 15.5, 8.5], "texture": "#0"}
			}
		},
		{
			"from": [-9, 5.5, -15],
			"to": [-6, 6.5, -14],
			"shade": false,
			"rotation": {"angle": 0, "axis": "y", "origin": [3, 0, -3]},
			"faces": {
				"north": {"uv": [15, 7.75, 14.25, 8], "texture": "#0"},
				"east": {"uv": [15.25, 7.75, 15, 8], "texture": "#0"},
				"south": {"uv": [16, 7.75, 15.25, 8], "texture": "#0"},
				"west": {"uv": [14.25, 7.75, 14, 8], "texture": "#0"},
				"up": {"uv": [14.25, 7.75, 15, 7.5], "texture": "#0"},
				"down": {"uv": [15, 7.5, 15.75, 7.75], "texture": "#0"}
			}
		},
		{
			"from": [12, 5, -14],
			"to": [18, 7, -12],
			"rotation": {"angle": 0, "axis": "y", "origin": [3, 0, -3]},
			"faces": {
				"north": {"uv": [12.5, 5, 14, 5.5], "texture": "#0"},
				"east": {"uv": [12, 5, 12.5, 5.5], "texture": "#0"},
				"south": {"uv": [14.5, 5, 16, 5.5], "texture": "#0"},
				"west": {"uv": [14, 5, 14.5, 5.5], "texture": "#0"},
				"up": {"uv": [14, 5, 12.5, 4.5], "texture": "#0"},
				"down": {"uv": [15.5, 4.5, 14, 5], "texture": "#0"}
			}
		},
		{
			"from": [17, 4, -15],
			"to": [23, 8, -11],
			"rotation": {"angle": 0, "axis": "y", "origin": [3, 0, -3]},
			"faces": {
				"north": {"uv": [12, 6.5, 13.5, 7.5], "texture": "#0"},
				"east": {"uv": [11, 6.5, 12, 7.5], "texture": "#0"},
				"south": {"uv": [14.5, 6.5, 16, 7.5], "texture": "#0"},
				"west": {"uv": [13.5, 6.5, 14.5, 7.5], "texture": "#0"},
				"up": {"uv": [13.5, 6.5, 12, 5.5], "texture": "#0"},
				"down": {"uv": [15, 5.5, 13.5, 6.5], "texture": "#0"}
			}
		},
		{
			"from": [22, 5, -13],
			"to": [27, 7, -11],
			"rotation": {"angle": 0, "axis": "y", "origin": [3, 0, -3]},
			"faces": {
				"north": {"uv": [13, 8.5, 14.25, 9], "texture": "#0"},
				"east": {"uv": [12.5, 8.5, 13, 9], "texture": "#0"},
				"south": {"uv": [14.75, 8.5, 16, 9], "texture": "#0"},
				"west": {"uv": [14.25, 8.5, 14.75, 9], "texture": "#0"},
				"up": {"uv": [14.25, 8.5, 13, 8], "texture": "#0"},
				"down": {"uv": [15.5, 8, 14.25, 8.5], "texture": "#0"}
			}
		},
		{
			"from": [22, 5.5, -15],
			"to": [25, 6.5, -14],
			"rotation": {"angle": 0, "axis": "y", "origin": [3, 0, -3]},
			"faces": {
				"north": {"uv": [14.25, 7.75, 15, 8], "texture": "#0"},
				"east": {"uv": [14, 7.75, 14.25, 8], "texture": "#0"},
				"south": {"uv": [15.25, 7.75, 16, 8], "texture": "#0"},
				"west": {"uv": [15, 7.75, 15.25, 8], "texture": "#0"},
				"up": {"uv": [15, 7.75, 14.25, 7.5], "texture": "#0"},
				"down": {"uv": [15.75, 7.5, 15, 7.75], "texture": "#0"}
			}
		},
		{
			"from": [11, 3, -3],
			"to": [19, 5, -1],
			"rotation": {"angle": 0, "axis": "y", "origin": [3, 0, -3]},
			"faces": {
				"north": {"uv": [6.5, 15.5, 8.5, 16], "texture": "#0"},
				"east": {"uv": [6, 15.5, 6.5, 16], "texture": "#0"},
				"south": {"uv": [9, 15.5, 11, 16], "texture": "#0"},
				"west": {"uv": [8.5, 15.5, 9, 16], "texture": "#0"},
				"up": {"uv": [8.5, 15.5, 6.5, 15], "texture": "#0"},
				"down": {"uv": [10.5, 15, 8.5, 15.5], "texture": "#0"}
			}
		},
		{
			"from": [18, 3, -3],
			"to": [26, 5, -1],
			"rotation": {"angle": 0, "axis": "y", "origin": [3, 0, -3]},
			"faces": {
				"north": {"uv": [11.5, 15.5, 13.5, 16], "texture": "#0"},
				"east": {"uv": [11, 15.5, 11.5, 16], "texture": "#0"},
				"south": {"uv": [14, 15.5, 16, 16], "texture": "#0"},
				"west": {"uv": [13.5, 15.5, 14, 16], "texture": "#0"},
				"up": {"uv": [13.5, 15.5, 11.5, 15], "texture": "#0"},
				"down": {"uv": [15.5, 15, 13.5, 15.5], "texture": "#0"}
			}
		},
		{
			"from": [11, 3, 0],
			"to": [19, 5, 2],
			"rotation": {"angle": 0, "axis": "y", "origin": [3, 0, -3]},
			"faces": {
				"north": {"uv": [6.5, 15.5, 8.5, 16], "texture": "#0"},
				"east": {"uv": [6, 15.5, 6.5, 16], "texture": "#0"},
				"south": {"uv": [9, 15.5, 11, 16], "texture": "#0"},
				"west": {"uv": [8.5, 15.5, 9, 16], "texture": "#0"},
				"up": {"uv": [8.5, 15.5, 6.5, 15], "texture": "#0"},
				"down": {"uv": [10.5, 15, 8.5, 15.5], "texture": "#0"}
			}
		},
		{
			"from": [18, 3, 0],
			"to": [26, 5, 2],
			"rotation": {"angle": 0, "axis": "y", "origin": [3, 0, -3]},
			"faces": {
				"north": {"uv": [11.5, 15.5, 13.5, 16], "texture": "#0"},
				"east": {"uv": [11, 15.5, 11.5, 16], "texture": "#0"},
				"south": {"uv": [14, 15.5, 16, 16], "texture": "#0"},
				"west": {"uv": [13.5, 15.5, 14, 16], "texture": "#0"},
				"up": {"uv": [13.5, 15.5, 11.5, 15], "texture": "#0"},
				"down": {"uv": [15.5, 15, 13.5, 15.5], "texture": "#0"}
			}
		},
		{
			"from": [-3, 3, 0],
			"to": [5, 5, 2],
			"shade": false,
			"rotation": {"angle": 0, "axis": "y", "origin": [3, 0, -3]},
			"faces": {
				"north": {"uv": [8.5, 15.5, 6.5, 16], "texture": "#0"},
				"east": {"uv": [9, 15.5, 8.5, 16], "texture": "#0"},
				"south": {"uv": [11, 15.5, 9, 16], "texture": "#0"},
				"west": {"uv": [6.5, 15.5, 6, 16], "texture": "#0"},
				"up": {"uv": [6.5, 15.5, 8.5, 15], "texture": "#0"},
				"down": {"uv": [8.5, 15, 10.5, 15.5], "texture": "#0"}
			}
		},
		{
			"from": [-10, 3, 0],
			"to": [-2, 5, 2],
			"shade": false,
			"rotation": {"angle": 0, "axis": "y", "origin": [3, 0, -3]},
			"faces": {
				"north": {"uv": [13.5, 15.5, 11.5, 16], "texture": "#0"},
				"east": {"uv": [14, 15.5, 13.5, 16], "texture": "#0"},
				"south": {"uv": [16, 15.5, 14, 16], "texture": "#0"},
				"west": {"uv": [11.5, 15.5, 11, 16], "texture": "#0"},
				"up": {"uv": [11.5, 15.5, 13.5, 15], "texture": "#0"},
				"down": {"uv": [13.5, 15, 15.5, 15.5], "texture": "#0"}
			}
		},
		{
			"from": [-3, 3, -3],
			"to": [5, 5, -1],
			"shade": false,
			"rotation": {"angle": 0, "axis": "y", "origin": [3, 0, -3]},
			"faces": {
				"north": {"uv": [8.5, 15.5, 6.5, 16], "texture": "#0"},
				"east": {"uv": [9, 15.5, 8.5, 16], "texture": "#0"},
				"south": {"uv": [11, 15.5, 9, 16], "texture": "#0"},
				"west": {"uv": [6.5, 15.5, 6, 16], "texture": "#0"},
				"up": {"uv": [6.5, 15.5, 8.5, 15], "texture": "#0"},
				"down": {"uv": [8.5, 15, 10.5, 15.5], "texture": "#0"}
			}
		},
		{
			"from": [-10, 3, -3],
			"to": [-2, 5, -1],
			"shade": false,
			"rotation": {"angle": 0, "axis": "y", "origin": [3, 0, -3]},
			"faces": {
				"north": {"uv": [13.5, 15.5, 11.5, 16], "texture": "#0"},
				"east": {"uv": [14, 15.5, 13.5, 16], "texture": "#0"},
				"south": {"uv": [16, 15.5, 14, 16], "texture": "#0"},
				"west": {"uv": [11.5, 15.5, 11, 16], "texture": "#0"},
				"up": {"uv": [11.5, 15.5, 13.5, 15], "texture": "#0"},
				"down": {"uv": [13.5, 15, 15.5, 15.5], "texture": "#0"}
			}
		}
	],
	"display": {
		"head": {
			"translation": [0, -36.625, 0]
		}
	}
}