{
	"credit": "Made with Blockbench",
	"texture_size": [32, 32],
	"textures": {
		"0": "item/golden_trident_handheld",
		"particle": "item/golden_trident_handheld"
	},
	"elements": [
		{
			"name": "pole",
			"from": [-0.51, -3.01, -0.51],
			"to": [0.51, 28.01, 0.51],
			"shade": false,
			"faces": {
				"north": {"uv": [10.5, 0.5, 11, 16], "texture": "#0"},
				"east": {"uv": [10.5, 0.5, 11, 16], "texture": "#0"},
				"south": {"uv": [10.5, 0.5, 11, 16], "texture": "#0"},
				"west": {"uv": [10.5, 0.5, 11, 16], "texture": "#0"},
				"up": {"uv": [10.5, 0.5, 11, 16], "texture": "#0"},
				"down": {"uv": [10.5, 0.5, 11, 16], "texture": "#0"}
			}
		},
		{
			"name": "pole",
			"from": [-1.5, 22, -0.5],
			"to": [1.5, 24, 0.5],
			"shade": false,
			"faces": {
				"north": {"uv": [10, 2.5, 11.5, 3.5], "texture": "#0"},
				"east": {"uv": [10, 2.5, 11.5, 3.5], "texture": "#0"},
				"south": {"uv": [10, 2.5, 11.5, 3.5], "texture": "#0"},
				"west": {"uv": [10, 2.5, 11.5, 3.5], "texture": "#0"},
				"up": {"uv": [10, 2.5, 11.5, 3.5], "texture": "#0"},
				"down": {"uv": [10, 2.5, 11.5, 3.5], "texture": "#0"}
			}
		},
		{
			"name": "pole",
			"from": [1.5, 23, -0.5],
			"to": [2.5, 27, 0.5],
			"shade": false,
			"faces": {
				"north": {"uv": [11.5, 1, 12, 3], "texture": "#0"},
				"east": {"uv": [11.5, 1, 12, 3], "texture": "#0"},
				"south": {"uv": [11.5, 1, 12, 3], "texture": "#0"},
				"west": {"uv": [11.5, 1, 12, 3], "texture": "#0"},
				"up": {"uv": [11.5, 1, 12, 3], "texture": "#0"},
				"down": {"uv": [11.5, 1, 12, 3], "texture": "#0"}
			}
		},
		{
			"name": "pole",
			"from": [-2.5, 23, -0.5],
			"to": [-1.5, 27, 0.5],
			"shade": false,
			"faces": {
				"north": {"uv": [11.5, 1, 12, 3], "texture": "#0"},
				"east": {"uv": [11.5, 1, 12, 3], "texture": "#0"},
				"south": {"uv": [11.5, 1, 12, 3], "texture": "#0"},
				"west": {"uv": [11.5, 1, 12, 3], "texture": "#0"},
				"up": {"uv": [11.5, 1, 12, 3], "texture": "#0"},
				"down": {"uv": [11.5, 1, 12, 3], "texture": "#0"}
			}
		}
	],
	"display": {
		"head": {
			"rotation": [-90.75, 0, 0],
			"translation": [14.75, -24.25, 0],
			"scale": [1.80664, 1.76758, 3.03711]
		}
	},
	"groups": [
		{
			"name": "pole",
			"origin": [0, 24, 0],
			"color": 0,
			"shade": false,
			"children": [0, 1, 2, 3]
		},
		{
			"name": "rDent",
			"origin": [0, 24, 0],
			"color": 0,
			"shade": false,
			"children": []
		}
	]
}