{
    "parent": "item/generated",
    "textures": {
        "layer0": "item/barrier"
    },
	"overrides": [
                {"predicate": {"custom_model_data":1}, "model": "item/gspe"},
                {"predicate": {"custom_model_data":2}, "model": "item/gpe"},
                {"predicate": {"custom_model_data":3}, "model": "item/spe"},
                {"predicate": {"custom_model_data":4}, "model": "item/wpe"},
                {"predicate": {"custom_model_data":5}, "model": "item/mbpe"},
                {"predicate": {"custom_model_data":6}, "model": "item/iceologer_spawn_egg"},
                {"predicate": {"custom_model_data":7}, "model": "item/illusioner_spawn_egg"},
                {"predicate": {"custom_model_data":8}, "model": "item/scorpion_spawn_egg"},
                {"predicate": {"custom_model_data":9}, "model": "item/enchanter_spawn_egg"},
                {"predicate": {"custom_model_data":10}, "model": "item/giant_spawn_egg"},
                {"predicate": {"custom_model_data":11}, "model": "item/epe"},
                {"predicate": {"custom_model_data":12}, "model": "item/moobloom_spawn_egg"},
                {"predicate": {"custom_model_data":13}, "model": "item/viler_witch_spawn_egg"},
                {"predicate": {"custom_model_data":14}, "model": "item/tropical_slime_spawn_egg"},
                {"predicate": {"custom_model_data":15}, "model": "item/wildfire_spawn_egg"},
                {"predicate": {"custom_model_data":16}, "model": "item/failsafe_spawn_egg", "note": "Should always be at the end of this list."}

	]
}


 
