{
	"credit": "Made with Blockbench",
	"texture_size": [128, 64],
	"textures": {
		"0": "entity/fantasy/warden_hurt"
	},
	"elements": [
		{
			"name": "body",
			"from": [-1, 11, 3],
			"to": [17, 32, 14],
			"faces": {
				"north": {"uv": [1.375, 9.25, 3.625, 14.5], "texture": "#0"},
				"east": {"uv": [0, 9.25, 1.375, 14.5], "texture": "#0"},
				"south": {"uv": [5, 9.25, 7.25, 14.5], "texture": "#0"},
				"west": {"uv": [3.625, 9.25, 5, 14.5], "texture": "#0"},
				"up": {"uv": [3.625, 9.25, 1.375, 6.5], "texture": "#0"},
				"down": {"uv": [5.875, 6.5, 3.625, 9.25], "texture": "#0"}
			}
		},
		{
			"name": "right_arm",
			"from": [17, 4, 4],
			"to": [25, 32, 12],
			"faces": {
				"north": {"uv": [7.5, 2, 8.5, 9], "texture": "#0"},
				"east": {"uv": [6.5, 2, 7.5, 9], "texture": "#0"},
				"south": {"uv": [9.5, 2, 10.5, 9], "texture": "#0"},
				"west": {"uv": [8.5, 2, 9.5, 9], "texture": "#0"},
				"up": {"uv": [8.5, 2, 7.5, 0], "texture": "#0"},
				"down": {"uv": [9.5, 0, 8.5, 2], "texture": "#0"}
			}
		},
		{
			"name": "left_arm",
			"from": [-9, 4, 4],
			"to": [-1, 32, 12],
			"faces": {
				"north": {"uv": [11.5, 2, 12.5, 9], "texture": "#0"},
				"east": {"uv": [10.5, 2, 11.5, 9], "texture": "#0"},
				"south": {"uv": [13.5, 2, 14.5, 9], "texture": "#0"},
				"west": {"uv": [12.5, 2, 13.5, 9], "texture": "#0"},
				"up": {"uv": [12.5, 2, 11.5, 0], "texture": "#0"},
				"down": {"uv": [13.5, 0, 12.5, 2], "texture": "#0"}
			}
		},
		{
			"name": "left_leg",
			"from": [-1, -8, 5],
			"to": [5, 11, 11],
			"rotation": {"angle": 0, "axis": "x", "origin": [2, 12, 6]},
			"faces": {
				"north": {"uv": [11, 10.5, 11.75, 13.75], "texture": "#0"},
				"east": {"uv": [10.25, 10.5, 11, 13.75], "texture": "#0"},
				"south": {"uv": [12.5, 10.5, 13.25, 13.75], "texture": "#0"},
				"west": {"uv": [11.75, 10.5, 12.5, 13.75], "texture": "#0"},
				"up": {"uv": [11.75, 10.5, 11, 9], "texture": "#0"},
				"down": {"uv": [12.5, 9, 11.75, 10.5], "texture": "#0"}
			}
		},
		{
			"name": "right_leg",
			"from": [11, -8, 5],
			"to": [17, 11, 11],
			"rotation": {"angle": 0, "axis": "x", "origin": [0, 12, 6]},
			"faces": {
				"north": {"uv": [8, 10.5, 8.75, 13.75], "texture": "#0"},
				"east": {"uv": [7.25, 10.5, 8, 13.75], "texture": "#0"},
				"south": {"uv": [9.5, 10.5, 10.25, 13.75], "texture": "#0"},
				"west": {"uv": [8.75, 10.5, 9.5, 13.75], "texture": "#0"},
				"up": {"uv": [8.75, 10.5, 8, 9], "texture": "#0"},
				"down": {"uv": [9.5, 9, 8.75, 10.5], "texture": "#0"}
			}
		}
	],
	"display": {
		"thirdperson_righthand": {
			"rotation": [86, 0, 0],
			"translation": [-6.25, 0, 0]
		}
	},
	"groups": [
		{
			"name": "body",
			"origin": [0, 34, 0],
			"color": 0,
			"children": [0]
		},
		{
			"name": "right_arm",
			"origin": [11, 30, 0],
			"color": 0,
			"children": [1]
		},
		{
			"name": "left_arm",
			"origin": [-11, 30, 0],
			"color": 0,
			"children": [2]
		},
		{
			"name": "left_leg",
			"origin": [-6, 13, 0],
			"color": 0,
			"children": [3]
		},
		{
			"name": "right_leg",
			"origin": [6, 13, 0],
			"color": 0,
			"children": [4]
		}
	]
}