{
	"credit": "Made with Blockbench",
	"texture_size": [128, 64],
	"textures": {
		"1": "entity/fantasy/warden",
		"particle": "entity/fantasy/warden"
	},
	"elements": [
		{
			"name": "head",
			"from": [0, 0, 22],
			"to": [16, 16, 32],
			"rotation": {"angle": 0, "axis": "y", "origin": [0, -22, 0]},
			"faces": {
				"north": {"uv": [1.25, 2.5, 3.25, 6.5], "texture": "#1"},
				"east": {"uv": [0, 2.5, 1.25, 6.5], "texture": "#1"},
				"south": {"uv": [4.5, 2.5, 6.5, 6.5], "texture": "#1"},
				"west": {"uv": [3.25, 2.5, 4.5, 6.5], "texture": "#1"},
				"up": {"uv": [3.25, 2.5, 1.25, 0], "texture": "#1"},
				"down": {"uv": [5.25, 0, 3.25, 2.5], "texture": "#1"}
			}
		},
		{
			"name": "left_ear",
			"from": [-10, 9, 27],
			"to": [0, 19, 27],
			"rotation": {"angle": 0, "axis": "y", "origin": [0, -22, 0]},
			"faces": {
				"north": {"uv": [13.25, 11.5, 14.5, 14], "texture": "#1"},
				"east": {"uv": [13.25, 11.5, 13.25, 14], "texture": "#1"},
				"south": {"uv": [14.5, 11.5, 15.75, 14], "texture": "#1"},
				"west": {"uv": [14.5, 11.5, 14.5, 14], "texture": "#1"},
				"up": {"uv": [14.5, 11.5, 13.25, 11.5], "texture": "#1"},
				"down": {"uv": [15.75, 11.5, 14.5, 11.5], "texture": "#1"}
			}
		},
		{
			"name": "right_ear",
			"from": [16, 9, 27],
			"to": [26, 19, 27],
			"rotation": {"angle": 0, "axis": "y", "origin": [0, -22, 0]},
			"faces": {
				"north": {"uv": [13.25, 9, 14.5, 11.5], "texture": "#1"},
				"east": {"uv": [13.25, 9, 13.25, 11.5], "texture": "#1"},
				"south": {"uv": [14.5, 9, 15.75, 11.5], "texture": "#1"},
				"west": {"uv": [14.5, 9, 14.5, 11.5], "texture": "#1"},
				"up": {"uv": [14.5, 9, 13.25, 9], "texture": "#1"},
				"down": {"uv": [15.75, 9, 14.5, 9], "texture": "#1"}
			}
		}
	],
	"groups": [0,
		{
			"name": "left_ear",
			"origin": [-8, 46.5, 0],
			"color": 0,
			"children": [1]
		},
		{
			"name": "right_ear",
			"origin": [8, 46.5, 0],
			"color": 0,
			"children": [2]
		}
	]
}