{
	"credit": "Made with Blockbench",
	"textures": {
		"0": "entity/mammals/squirrel_hurt",
		"particle": "entity/mammals/squirrel_hurt"
	},
	"elements": [
		{
			"name": "leg",
			"from": [0, 0, 9],
			"to": [2, 1, 12],
			"faces": {
				"north": {"uv": [0, 0, 2, 1], "texture": "#0"},
				"east": {"uv": [0, 0, 3, 1], "texture": "#0"},
				"south": {"uv": [0, 0, 2, 1], "texture": "#0"},
				"west": {"uv": [0, 0, 3, 1], "texture": "#0"},
				"up": {"uv": [0, 0, 2, 3], "texture": "#0"},
				"down": {"uv": [0, 0, 2, 3], "texture": "#0"}
			}
		},
		{
			"name": "leg",
			"from": [2, 2, 12],
			"to": [4, 4, 14],
			"rotation": {"angle": -22.5, "axis": "z", "origin": [3, 3, 14]},
			"faces": {
				"north": {"uv": [8, 8, 12, 12], "texture": "#0"},
				"east": {"uv": [8, 8, 12, 12], "texture": "#0"},
				"south": {"uv": [8, 8, 12, 12], "texture": "#0"},
				"west": {"uv": [8, 8, 12, 12], "texture": "#0"},
				"up": {"uv": [8, 8, 12, 12], "texture": "#0"},
				"down": {"uv": [8, 8, 12, 12], "texture": "#0"}
			}
		},
		{
			"name": "leg",
			"from": [4, 0, 9],
			"to": [6, 1, 12],
			"faces": {
				"north": {"uv": [0, 0, 2, 1], "texture": "#0"},
				"east": {"uv": [0, 0, 3, 1], "texture": "#0"},
				"south": {"uv": [0, 0, 2, 1], "texture": "#0"},
				"west": {"uv": [0, 0, 3, 1], "texture": "#0"},
				"up": {"uv": [0, 0, 2, 3], "texture": "#0"},
				"down": {"uv": [0, 0, 2, 3], "texture": "#0"}
			}
		},
		{
			"name": "leg",
			"from": [4, 0.62568, 6.07718],
			"to": [5, 4.62568, 7.07718],
			"rotation": {"angle": 22.5, "axis": "x", "origin": [4.5, 2.62568, 4.57718]},
			"faces": {
				"north": {"uv": [4, 12, 4.25, 16], "rotation": 180, "texture": "#0"},
				"east": {"uv": [0, 12, 8, 16], "rotation": 90, "texture": "#0"},
				"south": {"uv": [0, 0, 1, 5], "texture": "#0"},
				"west": {"uv": [0, 12, 8, 16], "rotation": 270, "texture": "#0"},
				"up": {"uv": [0, 0, 1, 1], "texture": "#missing"},
				"down": {"uv": [4, 8, 8, 12], "rotation": 180, "texture": "#0"}
			}
		},
		{
			"name": "leg",
			"from": [1, 0.62568, 6.07718],
			"to": [2, 4.62568, 7.07718],
			"rotation": {"angle": 22.5, "axis": "x", "origin": [4.5, 2.62568, 4.57718]},
			"faces": {
				"north": {"uv": [4, 12, 4.25, 16], "rotation": 180, "texture": "#0"},
				"east": {"uv": [0, 12, 8, 16], "rotation": 90, "texture": "#0"},
				"south": {"uv": [0, 0, 1, 5], "texture": "#0"},
				"west": {"uv": [0, 12, 8, 16], "rotation": 270, "texture": "#0"},
				"up": {"uv": [0, 0, 1, 1], "texture": "#missing"},
				"down": {"uv": [4, 8, 8, 12], "rotation": 180, "texture": "#0"}
			}
		},
		{
			"name": "leg",
			"from": [1.5, 3, 5],
			"to": [4.5, 5, 7],
			"rotation": {"angle": 0, "axis": "x", "origin": [2.5, 1, 9]},
			"faces": {
				"north": {"uv": [0, 12, 3.5, 16], "texture": "#0"},
				"east": {"uv": [0, 12, 3.5, 16], "texture": "#0"},
				"south": {"uv": [0, 12, 3.5, 16], "texture": "#0"},
				"west": {"uv": [0, 12, 3.5, 16], "texture": "#0"},
				"up": {"uv": [0, 12, 3.5, 16], "texture": "#0"},
				"down": {"uv": [8.5, 15.5, 12, 16], "texture": "#0"}
			}
		},
		{
			"name": "leg",
			"from": [1.85, 2.65685, 3.58579],
			"to": [4.35, 4.65685, 6.58579],
			"rotation": {"angle": 22.5, "axis": "x", "origin": [3, 6.65685, 7.58579]},
			"faces": {
				"north": {"uv": [9.25, 1.75, 13.25, 5.75], "texture": "#0"},
				"east": {"uv": [4.25, 1.75, 8, 5], "texture": "#0"},
				"south": {"uv": [0, 0, 2.5, 2], "texture": "#0"},
				"west": {"uv": [6.25, 1.75, 10, 5], "texture": "#0"},
				"up": {"uv": [0, 0, 2.5, 3], "texture": "#0"},
				"down": {"uv": [0, 0, 2.5, 3], "texture": "#0"}
			}
		},
		{
			"name": "leg",
			"from": [0.5, 2, 6],
			"to": [5.5, 4, 12],
			"rotation": {"angle": 22.5, "axis": "x", "origin": [2.5, 1, 9]},
			"faces": {
				"north": {"uv": [12.5, 0, 13.25, 2.25], "texture": "#0"},
				"east": {"uv": [0, 14, 3.5, 16], "texture": "#0"},
				"south": {"uv": [0.25, 15.25, 3.5, 15.75], "texture": "#0"},
				"west": {"uv": [0, 14, 3.25, 16], "texture": "#0"},
				"up": {"uv": [0, 12, 3.75, 16], "texture": "#0"},
				"down": {"uv": [8.25, 12, 12, 16], "texture": "#0"}
			}
		},
		{
			"name": "leg",
			"from": [2.3, 5.8, 3.5],
			"to": [2.3, 6.8, 4.5],
			"rotation": {"angle": 22.5, "axis": "x", "origin": [3.1, 6.8, 4]},
			"faces": {
				"north": {"uv": [0, 0, 0, 1], "texture": "#missing"},
				"east": {"uv": [12.5, 10.5, 13.25, 12], "texture": "#0"},
				"south": {"uv": [0, 0, 0, 1], "texture": "#missing"},
				"west": {"uv": [12.5, 10.5, 13.25, 12], "texture": "#0"},
				"up": {"uv": [0, 0, 1, 0], "rotation": 90, "texture": "#missing"},
				"down": {"uv": [0, 0, 1, 0], "rotation": 270, "texture": "#missing"}
			}
		},
		{
			"name": "leg",
			"from": [3.9, 5.8, 3.5],
			"to": [3.9, 6.8, 4.5],
			"rotation": {"angle": 22.5, "axis": "x", "origin": [3.1, 6.8, 4]},
			"faces": {
				"north": {"uv": [0, 0, 0, 1], "texture": "#missing"},
				"east": {"uv": [12.5, 10.5, 13.25, 12], "texture": "#0"},
				"south": {"uv": [0, 0, 0, 1], "texture": "#missing"},
				"west": {"uv": [12.5, 10.5, 13.25, 12], "texture": "#0"},
				"up": {"uv": [0, 0, 1, 0], "rotation": 90, "texture": "#missing"},
				"down": {"uv": [0, 0, 1, 0], "rotation": 270, "texture": "#missing"}
			}
		}
	],
	"display": {
		"head": {
			"translation": [4.75, -45, 0]
		}
	},
	"groups": [0, 1, 2, 3, 4, 5, 6,
		{
			"name": "group",
			"origin": [1.5, 8.5, 7],
			"children": [7, 8, 9]
		}
	]
}