{"textures":{"0":"minecraft:entity/illager/iceologer"},"elements":[{"name":"body","from":[5.6,15.2,6.2],"to":[10.4,22.400002,9.8],"rotation":{"angle":0.0,"axis":"x","origin":[8.0,8.0,8.0]},"faces":{"down":{"uv":[4.75,5.0,3.75,6.5],"rotation":0,"texture":"#0","tintindex":0},"east":{"uv":[2.0,6.5,2.75,9.5],"rotation":0,"texture":"#0","tintindex":0},"north":{"uv":[2.75,6.5,3.75,9.5],"rotation":0,"texture":"#0","tintindex":0},"south":{"uv":[4.5,6.5,5.5,9.5],"rotation":0,"texture":"#0","tintindex":0},"up":{"uv":[3.75,6.5,2.75,5.0],"rotation":0,"texture":"#0","tintindex":0},"west":{"uv":[3.75,6.5,4.5,9.5],"rotation":0,"texture":"#0","tintindex":0}}},{"name":"body","from":[5.3,11.3,5.8999996],"to":[10.700001,22.7,10.1],"rotation":{"angle":0.0,"axis":"x","origin":[8.0,8.0,8.0]},"faces":{"down":{"uv":[2.75,9.5,1.75,11.0],"rotation":0,"texture":"#0","tintindex":0},"east":{"uv":[0.0,11.0,0.75,15.5],"rotation":0,"texture":"#0","tintindex":0},"north":{"uv":[0.75,11.0,1.75,15.5],"rotation":0,"texture":"#0","tintindex":0},"south":{"uv":[2.5,11.0,3.5,15.5],"rotation":0,"texture":"#0","tintindex":0},"up":{"uv":[1.75,11.0,0.75,9.5],"rotation":0,"texture":"#0","tintindex":0},"west":{"uv":[1.75,11.0,2.5,15.5],"rotation":0,"texture":"#0","tintindex":0}}},{"name":"body inverted","from":[10.4,22.400002,9.8],"to":[5.6,15.2,6.2],"rotation":{"angle":0.0,"axis":"x","origin":[8.0,8.0,8.0]},"faces":{"down":{"uv":[2.75,6.5,3.75,5.0],"rotation":0,"texture":"#0","tintindex":0},"east":{"uv":[3.75,9.5,4.5,6.5],"rotation":0,"texture":"#0","tintindex":0},"north":{"uv":[4.5,9.5,5.5,6.5],"rotation":0,"texture":"#0","tintindex":0},"south":{"uv":[2.75,9.5,3.75,6.5],"rotation":0,"texture":"#0","tintindex":0},"up":{"uv":[3.75,5.0,4.75,6.5],"rotation":0,"texture":"#0","tintindex":0},"west":{"uv":[2.0,9.5,2.75,6.5],"rotation":0,"texture":"#0","tintindex":0}}},{"name":"body inverted","from":[10.700001,22.7,10.1],"to":[5.3,11.3,5.8999996],"rotation":{"angle":0.0,"axis":"x","origin":[8.0,8.0,8.0]},"faces":{"down":{"uv":[0.75,11.0,1.75,9.5],"rotation":0,"texture":"#0","tintindex":0},"east":{"uv":[1.75,15.5,2.5,11.0],"rotation":0,"texture":"#0","tintindex":0},"north":{"uv":[2.5,15.5,3.5,11.0],"rotation":0,"texture":"#0","tintindex":0},"south":{"uv":[0.75,15.5,1.75,11.0],"rotation":0,"texture":"#0","tintindex":0},"up":{"uv":[1.75,9.5,2.75,11.0],"rotation":0,"texture":"#0","tintindex":0},"west":{"uv":[0.0,15.5,0.75,11.0],"rotation":0,"texture":"#0","tintindex":0}}}],"display":{"head":{"translation":[0.0,-6.4,0.0],"rotation":[0.0,0.0,0.0],"scale":[3.8095,3.8095,3.8095]}}}