{"textures":{"0":"minecraft:entity/illager/iceologer"},"elements":[{"name":"cape","from":[5.3,-4.0000005,8.0],"to":[10.700001,8.0,8.6],"rotation":{"angle":0.0,"axis":"x","origin":[8.0,-6.4000006,6.2]},"faces":{"down":{"uv":[14.75,4.0,13.625,4.25],"rotation":0,"texture":"#0","tintindex":0},"east":{"uv":[12.375,4.25,12.5,9.25],"rotation":0,"texture":"#0","tintindex":0},"north":{"uv":[12.5,4.25,13.625,9.25],"rotation":0,"texture":"#0","tintindex":0},"south":{"uv":[13.75,4.25,14.875,9.25],"rotation":0,"texture":"#0","tintindex":0},"up":{"uv":[13.625,4.25,12.5,4.0],"rotation":0,"texture":"#0","tintindex":0},"west":{"uv":[13.625,4.25,13.75,9.25],"rotation":0,"texture":"#0","tintindex":0}}},{"name":"cape inverted","from":[10.700001,8.0,8.6],"to":[5.3,-4.0000005,8.0],"rotation":{"angle":0.0,"axis":"x","origin":[8.0,-6.4000006,6.2]},"faces":{"down":{"uv":[12.5,4.25,13.625,4.0],"rotation":0,"texture":"#0","tintindex":0},"east":{"uv":[13.625,9.25,13.75,4.25],"rotation":0,"texture":"#0","tintindex":0},"north":{"uv":[13.75,9.25,14.875,4.25],"rotation":0,"texture":"#0","tintindex":0},"south":{"uv":[12.5,9.25,13.625,4.25],"rotation":0,"texture":"#0","tintindex":0},"up":{"uv":[13.625,4.0,14.75,4.25],"rotation":0,"texture":"#0","tintindex":0},"west":{"uv":[12.375,9.25,12.5,4.25],"rotation":0,"texture":"#0","tintindex":0}}}],"display":{"head":{"translation":[0.0,-6.4,0.0],"rotation":[0.0,0.0,0.0],"scale":[3.8095,3.8095,3.8095]}}}