{"textures":{"0":"minecraft:entity/illager/iceologer"},"elements":[{"name":"head","from":[5.6,8.0,5.6],"to":[10.4,14.0,10.4],"rotation":{"angle":0.0,"axis":"x","origin":[8.0,-6.4000006,8.0]},"faces":{"down":{"uv":[3.0,0.0,2.0,2.0],"rotation":0,"texture":"#0","tintindex":0},"east":{"uv":[0.0,2.0,1.0,4.5],"rotation":0,"texture":"#0","tintindex":0},"north":{"uv":[1.0,2.0,2.0,4.5],"rotation":0,"texture":"#0","tintindex":0},"south":{"uv":[3.0,2.0,4.0,4.5],"rotation":0,"texture":"#0","tintindex":0},"up":{"uv":[2.0,2.0,1.0,0.0],"rotation":0,"texture":"#0","tintindex":0},"west":{"uv":[2.0,2.0,3.0,4.5],"rotation":0,"texture":"#0","tintindex":0}}},{"name":"head","from":[7.4,7.4,4.3999996],"to":[8.6,9.8,5.6],"rotation":{"angle":0.0,"axis":"x","origin":[8.0,-6.4000006,8.0]},"faces":{"down":{"uv":[3.75,0.0,3.5,0.5],"rotation":0,"texture":"#0","tintindex":0},"east":{"uv":[3.0,0.5,3.25,1.5],"rotation":0,"texture":"#0","tintindex":0},"north":{"uv":[3.25,0.5,3.5,1.5],"rotation":0,"texture":"#0","tintindex":0},"south":{"uv":[3.75,0.5,4.0,1.5],"rotation":0,"texture":"#0","tintindex":0},"up":{"uv":[3.5,0.5,3.25,0.0],"rotation":0,"texture":"#0","tintindex":0},"west":{"uv":[3.5,0.5,3.75,1.5],"rotation":0,"texture":"#0","tintindex":0}}},{"name":"head","from":[5.3,7.7,5.3],"to":[10.700001,14.3,10.700001],"rotation":{"angle":0.0,"axis":"x","origin":[8.0,-6.4000006,8.0]},"faces":{"down":{"uv":[12.125,10.5,11.0,8.25],"rotation":0,"texture":"#0","tintindex":0},"east":{"uv":[8.75,10.5,9.875,13.25],"rotation":0,"texture":"#0","tintindex":0},"north":{"uv":[9.875,10.5,11.0,13.25],"rotation":0,"texture":"#0","tintindex":0},"south":{"uv":[12.125,10.5,13.25,13.25],"rotation":0,"texture":"#0","tintindex":0},"up":{"uv":[11.0,10.5,9.875,8.25],"rotation":0,"texture":"#0","tintindex":0},"west":{"uv":[11.0,10.5,12.125,13.25],"rotation":0,"texture":"#0","tintindex":0}}},{"name":"head inverted","from":[10.4,14.0,10.4],"to":[5.6,8.0,5.6],"rotation":{"angle":0.0,"axis":"x","origin":[8.0,-6.4000006,8.0]},"faces":{"down":{"uv":[1.0,2.0,2.0,0.0],"rotation":0,"texture":"#0","tintindex":0},"east":{"uv":[2.0,4.5,3.0,2.0],"rotation":0,"texture":"#0","tintindex":0},"north":{"uv":[3.0,4.5,4.0,2.0],"rotation":0,"texture":"#0","tintindex":0},"south":{"uv":[1.0,4.5,2.0,2.0],"rotation":0,"texture":"#0","tintindex":0},"up":{"uv":[2.0,0.0,3.0,2.0],"rotation":0,"texture":"#0","tintindex":0},"west":{"uv":[0.0,4.5,1.0,2.0],"rotation":0,"texture":"#0","tintindex":0}}},{"name":"head inverted","from":[8.6,9.8,5.6],"to":[7.4,7.4,4.3999996],"rotation":{"angle":0.0,"axis":"x","origin":[8.0,-6.4000006,8.0]},"faces":{"down":{"uv":[3.25,0.5,3.5,0.0],"rotation":0,"texture":"#0","tintindex":0},"east":{"uv":[3.5,1.5,3.75,0.5],"rotation":0,"texture":"#0","tintindex":0},"north":{"uv":[3.75,1.5,4.0,0.5],"rotation":0,"texture":"#0","tintindex":0},"south":{"uv":[3.25,1.5,3.5,0.5],"rotation":0,"texture":"#0","tintindex":0},"up":{"uv":[3.5,0.0,3.75,0.5],"rotation":0,"texture":"#0","tintindex":0},"west":{"uv":[3.0,1.5,3.25,0.5],"rotation":0,"texture":"#0","tintindex":0}}},{"name":"head inverted","from":[10.700001,14.3,10.700001],"to":[5.3,7.7,5.3],"rotation":{"angle":0.0,"axis":"x","origin":[8.0,-6.4000006,8.0]},"faces":{"down":{"uv":[9.875,10.5,11.0,8.25],"rotation":0,"texture":"#0","tintindex":0},"east":{"uv":[11.0,13.25,12.125,10.5],"rotation":0,"texture":"#0","tintindex":0},"north":{"uv":[12.125,13.25,13.25,10.5],"rotation":0,"texture":"#0","tintindex":0},"south":{"uv":[9.875,13.25,11.0,10.5],"rotation":0,"texture":"#0","tintindex":0},"up":{"uv":[11.0,10.5,12.125,8.25],"rotation":0,"texture":"#0","tintindex":0},"west":{"uv":[8.75,13.25,9.875,10.5],"rotation":0,"texture":"#0","tintindex":0}}}],"display":{"head":{"translation":[0.0,-6.4,0.0],"rotation":[0.0,0.0,0.0],"scale":[3.8095,3.8095,3.8095]}}}