{"textures":{"0":"minecraft:entity/illager/iceologer"},"elements":[{"name":"left_arm","from":[6.2,1.9999998,6.8],"to":[8.6,9.2,9.2],"rotation":{"angle":0.0,"axis":"x","origin":[11.0,-5.200001,8.0]},"faces":{"down":{"uv":[6.0,11.5,6.5,12.5],"rotation":0,"texture":"#0","tintindex":0},"east":{"uv":[6.5,12.5,6.0,15.5],"rotation":0,"texture":"#0","tintindex":0},"north":{"uv":[6.0,12.5,5.5,15.5],"rotation":0,"texture":"#0","tintindex":0},"south":{"uv":[7.0,12.5,6.5,15.5],"rotation":0,"texture":"#0","tintindex":0},"up":{"uv":[5.5,12.5,6.0,11.5],"rotation":0,"texture":"#0","tintindex":0},"west":{"uv":[5.5,12.5,5.0,15.5],"rotation":0,"texture":"#0","tintindex":0}}},{"name":"left_arm inverted","from":[8.6,9.2,9.2],"to":[6.2,1.9999998,6.8],"rotation":{"angle":0.0,"axis":"x","origin":[11.0,-5.200001,8.0]},"faces":{"down":{"uv":[6.0,12.5,5.5,11.5],"rotation":0,"texture":"#0","tintindex":0},"east":{"uv":[5.5,15.5,5.0,12.5],"rotation":0,"texture":"#0","tintindex":0},"north":{"uv":[7.0,15.5,6.5,12.5],"rotation":0,"texture":"#0","tintindex":0},"south":{"uv":[6.0,15.5,5.5,12.5],"rotation":0,"texture":"#0","tintindex":0},"up":{"uv":[6.5,11.5,6.0,12.5],"rotation":0,"texture":"#0","tintindex":0},"west":{"uv":[6.5,15.5,6.0,12.5],"rotation":0,"texture":"#0","tintindex":0}}}],"display":{"head":{"translation":[0.0,-6.4,0.0],"rotation":[0.0,0.0,0.0],"scale":[3.8095,3.8095,3.8095]}}}