{
	"credit": "Made with Blockbench",
	"texture_size": [64, 64],
	"textures": {
		"0": "entity/insects/butterfly/blue",
		"particle": "entity/insects/butterfly/blue"
	},
	"elements": [
		{
			"from": [0, 0, 7],
			"to": [7, 10, 7],
			"rotation": {"angle": -22.5, "axis": "y", "origin": [7, 5, 7]},
			"faces": {
				"north": {"uv": [8, 1.75, 16, 15.5], "texture": "#0"},
				"east": {"uv": [0.75, 1.75, 8, 15.5], "texture": "#0"},
				"south": {"uv": [0, 1.75, 8, 15.5], "texture": "#0"},
				"west": {"uv": [0.75, 1.75, 8, 15.5], "texture": "#0"},
				"up": {"uv": [0.75, 1.75, 8, 15.5], "texture": "#0"},
				"down": {"uv": [0.75, 1.75, 8, 15.5], "texture": "#0"}
			}
		},
		{
			"from": [7, 0, 7],
			"to": [14, 10, 7],
			"rotation": {"angle": 22.5, "axis": "y", "origin": [7, 5, 7]},
			"faces": {
				"north": {"uv": [0, 1.75, 8, 15.5], "texture": "#0"},
				"east": {"uv": [0.75, 1.75, 8, 15.5], "texture": "#0"},
				"south": {"uv": [8, 1.75, 16, 15.5], "texture": "#0"},
				"west": {"uv": [0.75, 1.75, 8, 15.5], "texture": "#0"},
				"up": {"uv": [0.75, 1.75, 8, 15.5], "rotation": 180, "texture": "#0"},
				"down": {"uv": [0.75, 1.75, 8, 15.5], "rotation": 180, "texture": "#0"}
			}
		}
	],
	"display": {
		"head": {
			"rotation": [-25, 0, 0],
			"translation": [0, -48, 0]
		}
	}
}