{
	"credit": "Made with Blockbench",
	"texture_size": [32, 32],
	"textures": {
		"4": "Desktop/gush"
	},
	"elements": [
		{
			"from": [0, 0, 0],
			"to": [16, 16, 16],
			"faces": {
				"north": {"uv": [0, 0, 16, 16], "texture": "#4"},
				"east": {"uv": [0, 0, 16, 16], "texture": "#4"},
				"south": {"uv": [0, 0, 16, 16], "texture": "#4"},
				"west": {"uv": [0, 0, 16, 16], "texture": "#4"},
				"up": {"uv": [0, 0, 16, 16], "texture": "#4"},
				"down": {"uv": [0, 0, 16, 16], "texture": "#4"}
			}
		}
	],
	"display": {
		"thirdperson_righthand": {
			"translation": [0, -2.75, 0],
			"scale": [4, 4, 4]
		},
		"thirdperson_lefthand": {
			"rotation": [65, 0, 0]
		},
		"head": {
			"scale": [4, 4, 4]
		}
	}
}