{
	"providers": [{
			"type": "bitmap",
			"file": "gui/split_internal.png",
			"ascent": -32768,
			"height": -3,
			"chars": [""]
		},
		{
			"type": "bitmap",
			"file": "gui/split_internal.png",
			"ascent": -32768,
			"height": 0,
			"chars": [""]
		}, {
			"file": "font/logo.png",
			"chars": ["\ue238"],
			"height": 52,
			"ascent": 33,
			"type": "bitmap"
		}, {
			"file": "font/heart.png",
			"chars": ["\ue239"],
			"height": 52,
			"ascent": 29,
			"type": "bitmap"
		}, {
			"file": "font/logog.png",
			"chars": ["\ue240"],
			"height": 52,
			"ascent": 33,
			"type": "bitmap"
		}, {
			"file": "font/sapphire.png",
			"chars": ["\ue241"],
			"height": 52,
			"ascent": 30,
			"type": "bitmap"
		}, {
			"file": "font/charbg.png",
			"chars": ["\ue242"],
			"height": 52,
			"ascent": 30,
			"type": "bitmap"
		}, {
			"file": "gui/container/auction_house.png",
			"chars": ["\ue243"],
			"height": 256,
			"ascent": 13,
			"type": "bitmap"
		}, {
			"file": "gui/container/auction_house_selling.png",
			"chars": ["\ue244"],
			"height": 256,
			"ascent": 13,
			"type": "bitmap"
		}, {
			"file": "gui/container/inventory_plus.png",
			"chars": ["\ue245"],
			"height": 256,
			"ascent": 13,
			"type": "bitmap"
		}, {
			"file": "gui/container/pulverizer.png",
			"chars": ["\ue246"],
			"height": 256,
			"ascent": 13,
			"type": "bitmap"
		}, {
			"file": "gui/container/pulverizer_inactive.png",
			"chars": ["\ue247"],
			"height": 256,
			"ascent": 13,
			"type": "bitmap"
		}, {
			"file": "gui/container/auction_house_fr.png",
			"chars": ["\ue248"],
			"height": 256,
			"ascent": 13,
			"type": "bitmap"
		}, {
			"file": "gui/container/auction_house_selling_fr.png",
			"chars": ["\ue249"],
			"height": 256,
			"ascent": 13,
			"type": "bitmap"
		}, {
			"file": "gui/container/quest_giver.png",
			"chars": ["\ue250"],
			"height": 256,
			"ascent": 13,
			"type": "bitmap"
		}, {
			"file": "gui/container/scripting_command_block.png",
			"chars": ["\ue251"],
			"height": 256,
			"ascent": 13,
			"type": "bitmap"
		}, {
			"file": "gui/boost.png",
			"chars": ["\ue252"],
			"height": 10,
			"ascent": 8.75,
			"type": "bitmap"
		}, {
			"file": "gui/thirst.png",
			"chars": ["\ue253", "\ue254", "\ue255", "\ue256", "\ue257", "\ue258", "\ue259", "\ue260", "\ue261", "\ue262", "\ue263", "\ue264", "\ue265", "\ue266", "\ue267", "\ue268", "\ue269", "\ue270", "\ue271", "\ue272"],
			"height": 256,
			"ascent": 0,
			"type": "bitmap"
		}
	]
}