{
	"variants": {
		"attached=false,disarmed=false,east=false,north=false,powered=false,south=false,west=true": {
			"model": "block/sun_weed_grass"
		},
		"attached=false,disarmed=false,east=false,north=false,powered=false,south=true,west=true": {
			"model": "block/tall_sun_weed"
		},
		"attached=false,disarmed=false,east=false,north=false,powered=true,south=true,west=true": {
			"model": "block/pipe_tube_horizontalx"
		},
		"attached=false,disarmed=false,east=false,north=true,powered=true,south=true,west=true": {
			"model": "block/eerie_grass"
		},
		"attached=false,disarmed=false,east=true,north=true,powered=true,south=true,west=true": {
			"model": "block/sculk_sensor"
		},
		"attached=false,disarmed=true,east=true,north=true,powered=true,south=true,west=true": {
			"model": "block/sculk_sensor_active"
		},
		"attached=false,disarmed=true,east=true,north=true,powered=true,south=true,west=false": {
			"model": "block/sculk_sensor_inactive"
		},
		"attached=false,disarmed=true,east=false,north=false,powered=true,south=false,west=false": {
			"model": "block/golden_oak_leaves"
		},
		"attached=true,disarmed=true,east=false,north=false,powered=true,south=false,west=false": {
			"model": "block/frosted_leaves"
		},
		"attached=false,disarmed=false,east=true,north=false,powered=true,south=true,west=true": {
			"model": "block/purple_flower"
		},
		"attached=false,disarmed=false,east=true,north=false,powered=true,south=true,west=false": {
			"model": "block/white_flower"
		},
		"attached=false,disarmed=false,east=true,north=true,powered=false,south=false,west=false": {
			"model": "block/aether_grass"
		},
		"attached=false,disarmed=false,east=true,north=true,powered=true,south=false,west=false": {
			"model": "block/aether_grass"
		},
		"attached=false,disarmed=false,east=true,north=true,powered=true,south=false,west=true": {
			"model": "block/bridge"
		},
		"attached=false,disarmed=false,east=true,north=false,powered=true,south=false,west=false": {
			"model": "block/bridge_horizontal"
		},
		"attached=false,disarmed=false,east=true,north=false,powered=false,south=true,west=true": {
			"model": "block/skyroot_bridge"
		},
		"attached=false,disarmed=false,east=true,north=false,powered=false,south=true,west=false": {
			"model": "block/skyroot_bridge_horizontal"
		},
		"attached=false,disarmed=false,east=true,north=false,powered=false,south=false,west=false": {
			"model": "block/rod"
		},
		"attached=false,disarmed=false,east=false,north=true,powered=true,south=false,west=true": {
			"model": "block/amaranth"
		},
		"attached=false,disarmed=false,east=false,north=true,powered=true,south=false,west=false": {
			"model": "block/cyan_amaranth"
		},
		"attached=false,disarmed=false,east=false,north=true,powered=true,south=true,west=true": {
			"model": "block/magenta_amaranth"
		},
		"attached=false,disarmed=false,east=true,north=true,powered=true,south=true,west=false": {
			"model": "block/purple_amaranth"
		},
		"attached=false,disarmed=false,east=false,north=false,powered=true,south=false,west=false": {
			"model": "block/jacaranda_leaves"
		},
		"attached=true,disarmed=false,east=false,north=false,powered=true,south=false,west=false": {
			"model": "block/maple_leaves"
		},
		"attached=true,disarmed=false,east=false,north=true,powered=false,south=false,west=false": {
			"model": "block/ash_fire"
		},
		"attached=true,disarmed=false,east=false,north=true,powered=false,south=true,west=false": {
			"model": "block/burnt_grass"
		},
		"attached=true,disarmed=false,east=false,north=true,powered=false,south=false,west=true": {
			"model": "block/burnt_grass2"
		},
		"attached=true,disarmed=false,east=false,north=true,powered=true,south=false,west=false": {
			"model": "block/ash_fire"
		},
		"attached=true,disarmed=false,east=false,north=true,powered=true,south=true,west=false": {
			"model": "block/burnt_grass"
		},
		"attached=true,disarmed=false,east=false,north=true,powered=true,south=false,west=true": {
			"model": "block/burnt_grass2"
		},
		"attached=true,disarmed=false,east=true,north=true,powered=true,south=false,west=false": {
			"model": "block/gumfire"
		},
		"attached=true,disarmed=false,east=true,north=true,powered=true,south=false,west=true": {
			"model": "block/blossom_flowers"
		},
		"attached=true,disarmed=true,east=false,north=true,powered=true,south=false,west=true": {
			"model": "mineral/compound_quartz"
		},
		"attached=true,disarmed=true,east=true,north=true,powered=true,south=false,west=true": {
			"model": "block/vanilla_plant"
		},
		"attached=true,disarmed=true,east=true,north=false,powered=true,south=false,west=false": {
			"model": "block/block/pipe_tube_horizontalx"
		},
		"attached=false,disarmed=true,east=true,north=false,powered=true,south=false,west=false": {
			"model": "block/pipe_tube_vertical"
		},
		"attached=false,disarmed=true,east=true,north=false,powered=true,south=true,west=true": {
			"model": "block/pipe_tube_horizontal"
		},
		"attached=false,disarmed=false,east=false,north=false,powered=true,south=true,west=false": {
			"model": "block/heliofloren_stage1"
		},
		"attached=false,disarmed=false,east=false,north=false,powered=true,south=false,west=true": {
			"model": "block/heliofloren"
		}
	}
}