{
	"credit": "Made with Blockbench",
	"texture_size": [32, 32],
	"textures": {
		"0": "block/plant/iceplant",
		"particle": "block/plant/iceplant"
	},
	"elements": [
		{
			"from": [6, 0, 6],
			"to": [11, 1, 11],
			"faces": {
				"north": {"uv": [10, 4.5, 14, 5.5], "texture": "#0"},
				"east": {"uv": [10, 4.5, 14, 5.5], "texture": "#0"},
				"south": {"uv": [10, 4.5, 14, 5.5], "texture": "#0"},
				"west": {"uv": [10, 4.5, 14, 5.5], "texture": "#0"},
				"up": {"uv": [10, 1.5, 14, 5.5], "texture": "#0"},
				"down": {"uv": [10, 1.5, 14, 5.5], "texture": "#0"}
			}
		},
		{
			"from": [11, 0, 6],
			"to": [17, 0, 11],
			"rotation": {"angle": 45, "axis": "z", "origin": [11, 0, 6]},
			"faces": {
				"north": {"uv": [0, 0, 3, 0], "texture": "#missing"},
				"east": {"uv": [0, 0, 2.5, 0], "texture": "#missing"},
				"south": {"uv": [0, 0, 3, 0], "texture": "#missing"},
				"west": {"uv": [0, 0, 2.5, 0], "texture": "#missing"},
				"up": {"uv": [0, 11.5, 6.5, 16], "texture": "#0"},
				"down": {"uv": [5.5, 5, 10, 11.5], "rotation": 90, "texture": "#0"}
			}
		},
		{
			"from": [11, 0, 6],
			"to": [17, 0, 11],
			"rotation": {"angle": 22.5, "axis": "z", "origin": [11, 0, 6]},
			"faces": {
				"north": {"uv": [0, 0, 3, 0], "texture": "#missing"},
				"east": {"uv": [0, 0, 2.5, 0], "texture": "#missing"},
				"south": {"uv": [0, 0, 3, 0], "texture": "#missing"},
				"west": {"uv": [0, 0, 2.5, 0], "texture": "#missing"},
				"up": {"uv": [0, 11.5, 6.5, 16], "texture": "#0"},
				"down": {"uv": [5.5, 5, 10, 11.5], "rotation": 90, "texture": "#0"}
			}
		},
		{
			"from": [6, 0, 0],
			"to": [11, 0, 6],
			"rotation": {"angle": 45, "axis": "x", "origin": [9, 0, 6]},
			"faces": {
				"north": {"uv": [0, 0, 2.5, 0], "texture": "#missing"},
				"east": {"uv": [0, 0, 3, 0], "texture": "#missing"},
				"south": {"uv": [0, 0, 2.5, 0], "texture": "#missing"},
				"west": {"uv": [0, 0, 3, 0], "texture": "#missing"},
				"up": {"uv": [0, 11.5, 6.5, 16], "rotation": 270, "texture": "#0"},
				"down": {"uv": [0, 11.5, 6.5, 16], "rotation": 90, "texture": "#0"}
			}
		},
		{
			"from": [6, 0, 0],
			"to": [11, 0, 6],
			"rotation": {"angle": 22.5, "axis": "x", "origin": [9, 0, 6]},
			"faces": {
				"north": {"uv": [0, 0, 2.5, 0], "texture": "#missing"},
				"east": {"uv": [0, 0, 3, 0], "texture": "#missing"},
				"south": {"uv": [0, 0, 2.5, 0], "texture": "#missing"},
				"west": {"uv": [0, 0, 3, 0], "texture": "#missing"},
				"up": {"uv": [0, 11.5, 6.5, 16], "rotation": 270, "texture": "#0"},
				"down": {"uv": [0, 11.5, 6.5, 16], "rotation": 90, "texture": "#0"}
			}
		},
		{
			"from": [6, 0, 11],
			"to": [11, 0, 17],
			"rotation": {"angle": -45, "axis": "x", "origin": [9, 0, 11]},
			"faces": {
				"north": {"uv": [0, 0, 2.5, 0], "texture": "#missing"},
				"east": {"uv": [0, 0, 3, 0], "texture": "#missing"},
				"south": {"uv": [0, 0, 2.5, 0], "texture": "#missing"},
				"west": {"uv": [0, 0, 3, 0], "texture": "#missing"},
				"up": {"uv": [0, 11.5, 6.5, 16], "rotation": 90, "texture": "#0"},
				"down": {"uv": [9.5, 11.5, 16, 16], "rotation": 90, "texture": "#0"}
			}
		},
		{
			"from": [6, 0, 11],
			"to": [11, 0, 17],
			"rotation": {"angle": -22.5, "axis": "x", "origin": [9, 0, 11]},
			"faces": {
				"north": {"uv": [0, 0, 2.5, 0], "texture": "#missing"},
				"east": {"uv": [0, 0, 3, 0], "texture": "#missing"},
				"south": {"uv": [0, 0, 2.5, 0], "texture": "#missing"},
				"west": {"uv": [0, 0, 3, 0], "texture": "#missing"},
				"up": {"uv": [0, 11.5, 6.5, 16], "rotation": 90, "texture": "#0"},
				"down": {"uv": [9.5, 11.5, 16, 16], "rotation": 90, "texture": "#0"}
			}
		},
		{
			"from": [0, 0, 6],
			"to": [6, 0, 11],
			"rotation": {"angle": -45, "axis": "z", "origin": [6, 0, 8]},
			"faces": {
				"north": {"uv": [0, 0, 3, 0], "texture": "#missing"},
				"east": {"uv": [0, 0, 2.5, 0], "texture": "#missing"},
				"south": {"uv": [0, 0, 3, 0], "texture": "#missing"},
				"west": {"uv": [0, 0, 2.5, 0], "texture": "#missing"},
				"up": {"uv": [0, 11.5, 6.5, 16], "rotation": 180, "texture": "#0"},
				"down": {"uv": [0, 0, 4.5, 6.5], "rotation": 90, "texture": "#0"}
			}
		},
		{
			"from": [0, 0, 6],
			"to": [6, 0, 11],
			"rotation": {"angle": -22.5, "axis": "z", "origin": [6, 0, 8]},
			"faces": {
				"north": {"uv": [0, 0, 3, 0], "texture": "#missing"},
				"east": {"uv": [0, 0, 2.5, 0], "texture": "#missing"},
				"south": {"uv": [0, 0, 3, 0], "texture": "#missing"},
				"west": {"uv": [0, 0, 2.5, 0], "texture": "#missing"},
				"up": {"uv": [0, 11.5, 6.5, 16], "rotation": 180, "texture": "#0"},
				"down": {"uv": [0, 0, 4.5, 6.5], "rotation": 90, "texture": "#0"}
			}
		}
	]
}