{
    "textures": {
        "particle": "block/brewing_stand",
        "brewing_stand": "block/brewing_stand"
    },
    "elements": [
        {
            "from": [ 4, 12, 7 ], 
            "to": [ 9, 13, 9 ], 
            "rotation": { "origin": [ 8, 8, 8 ], "axis": "y", "angle": 45.0 },
            "faces": {
                "north": { "texture": "#brewing_stand", "uv": [ 7, 3, 12, 4 ] },
                "east": { "texture": "#brewing_stand", "uv": [ 7, 3, 9, 4 ] },
                "south": { "texture": "#brewing_stand", "uv": [ 7, 3, 12, 4 ], "rotation": 180 },
                "west": { "texture": "#brewing_stand", "uv": [ 11, 3, 12, 4 ], "rotation": 180 },
                "up": { "texture": "#brewing_stand", "uv": [ 7, 3, 12, 4 ], "rotation": 180 },
                "down": { "texture": "#brewing_stand", "uv": [ 7, 3, 12, 4 ], "rotation": 180 }
            }
        },
        {
            "from": [ 3, 14, 7.5 ], 
            "to": [ 4, 16.01, 8.5 ], 
            "rotation": { "origin": [ 8, 8, 8 ], "axis": "y", "angle": 45.0 },
            "faces": {
                "north": { "texture": "#brewing_stand", "uv": [ 12, 0, 13, 2.01 ] },
                "east": { "texture": "#brewing_stand", "uv": [ 12, 0, 13, 2.01 ] },
                "south": { "texture": "#brewing_stand", "uv": [ 12, 0, 13, 2.01 ] },
                "west": { "texture": "#brewing_stand", "uv": [ 12, 0, 13, 2.01 ] },
                "up": { "texture": "#brewing_stand", "uv": [ 12, 0, 13, 1 ] }
            }
        },
        {
            "from": [ 2.75, 13, 7.25 ], 
            "to": [ 4.25, 14, 8.75 ], 
            "rotation": { "origin": [ 8, 8, 8 ], "axis": "y", "angle": 45.0 },
            "faces": {
                "north": { "texture": "#brewing_stand", "uv": [ 12, 2, 12.5, 3.004 ] },
                "east": { "texture": "#brewing_stand", "uv": [ 12, 2, 12.5, 3.004 ] },
                "south": { "texture": "#brewing_stand", "uv": [ 12, 2, 12.5, 3.004 ] },
                "west": { "texture": "#brewing_stand", "uv": [ 12, 2, 12.5, 3.004 ] },
                "up": { "texture": "#brewing_stand", "uv": [ 12, 2, 12.5, 2.5 ] },
                "down": { "texture": "#brewing_stand", "uv": [ 12, 2, 12.5, 2.5 ] }
            }
        },
        {
            "from": [ 3, 6, 7.5 ], 
            "to": [ 4, 13, 8.5 ], 
            "rotation": { "origin": [ 8, 8, 8 ], "axis": "y", "angle": 45.0 },
            "faces": {
                "north": { "texture": "#brewing_stand", "uv": [ 12, 3, 13, 10 ] },
                "east": { "texture": "#brewing_stand", "uv": [ 12, 3, 13, 10 ] },
                "south": { "texture": "#brewing_stand", "uv": [ 12, 3, 13, 10 ] },
                "west": { "texture": "#brewing_stand", "uv": [ 12, 3, 13, 10 ] },
                "down": { "texture": "#brewing_stand", "uv": [ 12, 9, 13, 10 ] }
            }
        },
        {
            "from": [ 6, 3, 7 ], 
            "to": [ 7, 12, 9 ], 
            "rotation": { "origin": [ 8, 8, 8 ], "axis": "y", "angle": 45.0 },
            "faces": {
                "north": { "texture": "#brewing_stand", "uv": [ 9, 4, 10, 13 ] },
                "east": { "texture": "#brewing_stand", "uv": [ 9, 4, 10, 13 ] },
                "south": { "texture": "#brewing_stand", "uv": [ 9, 4, 10, 13 ] },
                "west": { "texture": "#brewing_stand", "uv": [ 9, 4, 10, 13 ] },
                "down": { "texture": "#brewing_stand", "uv": [ 9, 12, 10, 13 ] }
            }
        },
        {
            "from": [ 4, 13, 7.5 ], 
            "to": [ 7, 13.99, 8.5 ], 
            "rotation": { "origin": [ 8, 8, 8 ], "axis": "y", "angle": 45.0 },
            "faces": {
                "north": { "texture": "#brewing_stand", "uv": [ 9, 2, 12, 2.99 ] },
                "east": { "texture": "#brewing_stand", "uv": [ 11, 2, 12, 2.99 ] },
                "south": { "texture": "#brewing_stand", "uv": [ 9, 2, 12, 2.99 ] },
                "up": { "texture": "#brewing_stand", "uv": [ 9, 2, 12, 3 ] }
            }
        },
        {
            "from": [ 5, 3, 7.5 ], 
            "to": [ 6, 12, 8.5 ], 
            "rotation": { "origin": [ 8, 8, 8 ], "axis": "y", "angle": 45.0 },
            "faces": {
                "north": { "texture": "#brewing_stand", "uv": [ 10, 4, 11, 13 ] },
                "east": { "texture": "#brewing_stand", "uv": [ 10, 4, 11, 13 ] },
                "south": { "texture": "#brewing_stand", "uv": [ 10, 4, 11, 13 ] },
                "west": { "texture": "#brewing_stand", "uv": [ 10, 4, 11, 13 ] },
                "down": { "texture": "#brewing_stand", "uv": [ 10, 12, 11, 13 ] }
            }
        },
        {
            "from": [ 4, 14, 7.5 ], 
            "to": [ 5, 15, 8.5 ], 
            "rotation": { "origin": [ 8, 8, 8 ], "axis": "y", "angle": 45.0 },
            "faces": {
                "north": { "texture": "#brewing_stand", "uv": [ 11, 1, 12, 2 ] },
                "east": { "texture": "#brewing_stand", "uv": [ 11, 1, 12, 2 ] },
                "south": { "texture": "#brewing_stand", "uv": [ 11, 1, 12, 2 ] },
                "up": { "texture": "#brewing_stand", "uv": [ 11, 1, 12, 2 ] }
            }
        },
        {
            "from": [ 2, 11, 7.5 ], 
            "to": [ 3, 13, 8.5 ], 
            "rotation": { "origin": [ 8, 8, 8 ], "axis": "y", "angle": 45.0 },
            "faces": {
                "north": { "texture": "#brewing_stand", "uv": [ 13, 3, 14, 5 ] },
                "east": { "texture": "#brewing_stand", "uv": [ 13, 3, 14, 5 ] },
                "south": { "texture": "#brewing_stand", "uv": [ 13, 3, 14, 5 ] },
                "west": { "texture": "#brewing_stand", "uv": [ 13, 3, 14, 5 ] },
                "up": { "texture": "#brewing_stand", "uv": [ 13, 4, 14, 5 ] },
                "down": { "texture": "#brewing_stand", "uv": [ 13, 4, 14, 5 ] }
            }
        }
    ]
}