{
    "textures": {
        "particle": "block/brewing_stand",
        "brewing_stand": "block/brewing_stand"
    },
    "elements": [
        {
            "from": [ 7, 12, 7 ], 
            "to": [ 12, 13, 9 ], 
            "faces": {
                "north": { "texture": "#brewing_stand", "uv": [ 7, 3, 12, 4 ], "rotation": 180 },
                "east": { "texture": "#brewing_stand", "uv": [ 11, 3, 12, 4 ] },
                "south": { "texture": "#brewing_stand", "uv": [ 7, 3, 12, 4 ] },
                "west": { "texture": "#brewing_stand", "uv": [ 7, 3, 9, 4 ] },
                "up": { "texture": "#brewing_stand", "uv": [ 7, 3, 12, 4 ] },
                "down": { "texture": "#brewing_stand", "uv": [ 7, 3, 12, 4 ] }
            }
        },
        {
            "from": [ 12, 14, 7.5 ], 
            "to": [ 13, 16, 8.5 ], 
            "faces": {
                "north": { "texture": "#brewing_stand", "uv": [ 12, 0, 13, 2.01 ] },
                "east": { "texture": "#brewing_stand", "uv": [ 12, 0, 13, 2.01 ] },
                "south": { "texture": "#brewing_stand", "uv": [ 12, 0, 13, 2.01 ] },
                "west": { "texture": "#brewing_stand", "uv": [ 12, 0, 13, 2.01 ] },
                "up": { "texture": "#brewing_stand", "uv": [ 12, 0, 13, 1 ] }
            }
        },
        {
            "from": [ 11.75, 13, 7.25 ], 
            "to": [ 13.25, 14, 8.75 ], 
            "faces": {
                "north": { "texture": "#brewing_stand", "uv": [ 12, 2, 12.5, 3.004 ] },
                "east": { "texture": "#brewing_stand", "uv": [ 12, 2, 12.5, 3.004 ] },
                "south": { "texture": "#brewing_stand", "uv": [ 12, 2, 12.5, 3.004 ] },
                "west": { "texture": "#brewing_stand", "uv": [ 12, 2, 12.5, 3.004 ] },
                "up": { "texture": "#brewing_stand", "uv": [ 12, 2, 12.5, 2.5 ] },
                "down": { "texture": "#brewing_stand", "uv": [ 12, 2, 12.5, 2.5 ] }
            }
        },
        {
            "from": [ 12, 6, 7.5 ], 
            "to": [ 13, 13, 8.5 ], 
            "faces": {
                "north": { "texture": "#brewing_stand", "uv": [ 12, 3, 13, 10 ] },
                "east": { "texture": "#brewing_stand", "uv": [ 12, 3, 13, 10 ] },
                "south": { "texture": "#brewing_stand", "uv": [ 12, 3, 13, 10 ] },
                "west": { "texture": "#brewing_stand", "uv": [ 12, 3, 13, 10 ] },
                "down": { "texture": "#brewing_stand", "uv": [ 12, 9, 13, 10 ] }
            }
        },
        {
            "from": [ 9, 3, 7 ], 
            "to": [ 10, 12, 9 ], 
            "faces": {
                "north": { "texture": "#brewing_stand", "uv": [ 9, 4, 10, 13 ] },
                "east": { "texture": "#brewing_stand", "uv": [ 9, 4, 10, 13 ] },
                "south": { "texture": "#brewing_stand", "uv": [ 9, 4, 10, 13 ] },
                "west": { "texture": "#brewing_stand", "uv": [ 9, 4, 10, 13 ] },
                "down": { "texture": "#brewing_stand", "uv": [ 9, 12, 10, 13 ] }
            }
        },
        {
            "from": [ 9, 13, 7.5 ], 
            "to": [ 12, 13.99, 8.5 ], 
            "faces": {
                "north": { "texture": "#brewing_stand", "uv": [ 9, 2, 12, 2.99 ] },
                "south": { "texture": "#brewing_stand", "uv": [ 9, 2, 12, 2.99 ] },
                "west": { "texture": "#brewing_stand", "uv": [ 9, 2, 10, 2.99 ] },
                "up": { "texture": "#brewing_stand", "uv": [ 9, 2, 12, 3 ] }
            }
        },
        {
            "from": [ 10, 3, 7.5 ], 
            "to": [ 11, 12, 8.5 ], 
            "faces": {
                "north": { "texture": "#brewing_stand", "uv": [ 10, 4, 11, 13 ] },
                "east": { "texture": "#brewing_stand", "uv": [ 10, 4, 11, 13 ] },
                "south": { "texture": "#brewing_stand", "uv": [ 10, 4, 11, 13 ] },
                "down": { "texture": "#brewing_stand", "uv": [ 10, 12, 11, 13 ] }
            }
        },
        {
            "from": [ 11, 14, 7.5 ], 
            "to": [ 12, 15, 8.5 ], 
            "faces": {
                "north": { "texture": "#brewing_stand", "uv": [ 11, 1, 12, 2 ] },
                "south": { "texture": "#brewing_stand", "uv": [ 11, 1, 12, 2 ] },
                "west": { "texture": "#brewing_stand", "uv": [ 11, 1, 12, 2 ] },
                "up": { "texture": "#brewing_stand", "uv": [ 11, 1, 12, 2 ] }
            }
        },
        {
            "from": [ 13, 11, 7.5 ], 
            "to": [ 14, 13, 8.5 ], 
            "faces": {
                "north": { "texture": "#brewing_stand", "uv": [ 13, 3, 14, 5 ] },
                "east": { "texture": "#brewing_stand", "uv": [ 13, 3, 14, 5 ] },
                "south": { "texture": "#brewing_stand", "uv": [ 13, 3, 14, 5 ] },
                "up": { "texture": "#brewing_stand", "uv": [ 13, 3, 14, 4 ] },
                "down": { "texture": "#brewing_stand", "uv": [ 13, 4, 14, 5 ] }
            }
        }
    ]
}