{
    "textures": {
        "particle": "block/brewing_stand",
        "brewing_stand": "block/brewing_stand"
    },
    "elements": [
        {
            "from": [ 4, 12, 7 ], 
            "to": [ 9, 13, 9 ], 
            "rotation": { "origin": [ 8, 8, 8 ], "axis": "y", "angle": 45.0 },
            "faces": {
                "north": { "texture": "#brewing_stand", "uv": [ 7, 3, 12, 4 ] },
                "east": { "texture": "#brewing_stand", "uv": [ 7, 3, 9, 4 ] },
                "south": { "texture": "#brewing_stand", "uv": [ 7, 3, 12, 4 ], "rotation": 180 },
                "west": { "texture": "#brewing_stand", "uv": [ 11, 3, 12, 4 ], "rotation": 180 },
                "up": { "texture": "#brewing_stand", "uv": [ 7, 3, 12, 4 ], "rotation": 180 },
                "down": { "texture": "#brewing_stand", "uv": [ 7, 3, 12, 4 ], "rotation": 180 }
            }
        },
        {
            "from": [ 3, 14, 7.5 ], 
            "to": [ 4, 16.01, 8.5 ], 
            "rotation": { "origin": [ 8, 8, 8 ], "axis": "y", "angle": 45.0 },
            "faces": {
                "north": { "texture": "#brewing_stand", "uv": [ 12, 0, 13, 2.01 ] },
                "east": { "texture": "#brewing_stand", "uv": [ 12, 0, 13, 2.01 ] },
                "south": { "texture": "#brewing_stand", "uv": [ 12, 0, 13, 2.01 ] },
                "west": { "texture": "#brewing_stand", "uv": [ 12, 0, 13, 2.01 ] },
                "up": { "texture": "#brewing_stand", "uv": [ 12, 0, 13, 1 ] }
            }
        },
        {
            "from": [ 2.75, 13, 7.25 ], 
            "to": [ 4.25, 14, 8.75 ], 
            "rotation": { "origin": [ 8, 8, 8 ], "axis": "y", "angle": 45.0 },
            "faces": {
                "north": { "texture": "#brewing_stand", "uv": [ 12, 2, 12.5, 3.004 ] },
                "east": { "texture": "#brewing_stand", "uv": [ 12, 2, 12.5, 3.004 ] },
                "south": { "texture": "#brewing_stand", "uv": [ 12, 2, 12.5, 3.004 ] },
                "west": { "texture": "#brewing_stand", "uv": [ 12, 2, 12.5, 3.004 ] },
                "up": { "texture": "#brewing_stand", "uv": [ 12, 2, 12.5, 2.5 ] },
                "down": { "texture": "#brewing_stand", "uv": [ 12, 2, 12.5, 2.5 ] }
            }
        },
        {
            "from": [ 3, 10, 7.5 ], 
            "to": [ 4, 13, 8.5 ], 
            "rotation": { "origin": [ 8, 8, 8 ], "axis": "y", "angle": 45.0 },
            "faces": {
                "north": { "texture": "#brewing_stand", "uv": [ 3, 3, 4, 6 ] },
                "east": { "texture": "#brewing_stand", "uv": [ 3, 3, 4, 6 ] },
                "south": { "texture": "#brewing_stand", "uv": [ 3, 3, 4, 6 ] },
                "west": { "texture": "#brewing_stand", "uv": [ 3, 3, 4, 6 ] },
                "down": { "texture": "#brewing_stand", "uv": [ 3, 5, 4, 6 ] }
            }
        },
        {
            "from": [ 6, 3, 7 ], 
            "to": [ 7, 12, 9 ], 
            "rotation": { "origin": [ 8, 8, 8 ], "axis": "y", "angle": 45.0 },
            "faces": {
                "north": { "texture": "#brewing_stand", "uv": [ 9, 4, 10, 13 ] },
                "east": { "texture": "#brewing_stand", "uv": [ 9, 4, 10, 13 ] },
                "south": { "texture": "#brewing_stand", "uv": [ 9, 4, 10, 13 ] },
                "west": { "texture": "#brewing_stand", "uv": [ 9, 4, 10, 13 ] },
                "down": { "texture": "#brewing_stand", "uv": [ 9, 12, 10, 13 ] }
            }
        },
        {
            "from": [ 2, 7, 6.5 ], 
            "to": [ 2, 8, 7.5 ], 
            "rotation": { "origin": [ 8, 8, 8 ], "axis": "y", "angle": 45.0 },
            "faces": {
                "east": { "texture": "#brewing_stand", "uv": [ 1, 8, 2, 9 ] },
                "west": { "texture": "#brewing_stand", "uv": [ 3, 8, 4, 9 ] }
            }
        },
        {
            "from": [ 1, 7, 7.5 ], 
            "to": [ 2, 8, 7.5 ], 
            "rotation": { "origin": [ 8, 8, 8 ], "axis": "y", "angle": 45.0 },
            "faces": {
                "north": { "texture": "#brewing_stand", "uv": [ 3, 8, 4, 9 ] },
                "south": { "texture": "#brewing_stand", "uv": [ 3, 8, 4, 9 ] }
            }
        },
        {
            "from": [ 2, 7, 7.5 ], 
            "to": [ 3, 8, 8.5 ], 
            "rotation": { "origin": [ 8, 8, 8 ], "axis": "y", "angle": 45.0 },
            "faces": {
                "north": { "texture": "#brewing_stand", "uv": [ 2, 8, 3, 9 ] },
                "east": { "texture": "#brewing_stand", "uv": [ 2, 8, 3, 9 ] },
                "south": { "texture": "#brewing_stand", "uv": [ 2, 8, 3, 9 ] },
                "west": { "texture": "#brewing_stand", "uv": [ 2, 8, 3, 9 ] }
            }
        },
        {
            "from": [ 1, 8, 6.5 ], 
            "to": [ 4, 9, 9.5 ], 
            "rotation": { "origin": [ 8, 8, 8 ], "axis": "y", "angle": 45.0 },
            "faces": {
                "north": { "texture": "#brewing_stand", "uv": [ 1, 7, 4, 8 ], "rotation": 180 },
                "east": { "texture": "#brewing_stand", "uv": [ 1, 7, 4, 8 ] },
                "south": { "texture": "#brewing_stand", "uv": [ 1, 7, 4, 8 ], "rotation": 180 },
                "west": { "texture": "#brewing_stand", "uv": [ 1, 7, 4, 8 ] },
                "up": { "texture": "#brewing_stand", "uv": [ 1, 7, 4, 8 ] },
                "down": { "texture": "#brewing_stand", "uv": [ 2, 7, 3, 8 ] }
            }
        },
        {
            "from": [ 2, 9, 7.5 ], 
            "to": [ 3, 10, 8.5 ], 
            "rotation": { "origin": [ 8, 8, 8 ], "axis": "y", "angle": 45.0 },
            "faces": {
                "north": { "texture": "#brewing_stand", "uv": [ 2, 6, 3, 7 ] },
                "east": { "texture": "#brewing_stand", "uv": [ 2, 6, 3, 7 ] },
                "south": { "texture": "#brewing_stand", "uv": [ 2, 6, 3, 7 ] },
                "west": { "texture": "#brewing_stand", "uv": [ 2, 6, 3, 7 ] },
                "up": { "texture": "#brewing_stand", "uv": [ 2, 6, 3, 7 ] }
            }
        },
        {
            "from": [ 4, 13, 7.5 ], 
            "to": [ 7, 13.99, 8.5 ], 
            "rotation": { "origin": [ 8, 8, 8 ], "axis": "y", "angle": 45.0 },
            "faces": {
                "north": { "texture": "#brewing_stand", "uv": [ 9, 2, 12, 2.99 ] },
                "east": { "texture": "#brewing_stand", "uv": [ 11, 2, 12, 2.99 ] },
                "south": { "texture": "#brewing_stand", "uv": [ 9, 2, 12, 2.99 ] },
                "up": { "texture": "#brewing_stand", "uv": [ 9, 2, 12, 3 ] }
            }
        },
        {
            "from": [ 1, 6, 6.5 ], 
            "to": [ 4, 7, 9.5 ], 
            "rotation": { "origin": [ 8, 8, 8 ], "axis": "y", "angle": 45.0 },
            "faces": {
                "north": { "texture": "#brewing_stand", "uv": [ 1, 13, 4, 14 ] },
                "east": { "texture": "#brewing_stand", "uv": [ 1, 9, 4, 10 ] },
                "south": { "texture": "#brewing_stand", "uv": [ 1, 13, 4, 14 ] },
                "west": { "texture": "#brewing_stand", "uv": [ 1, 9, 4, 10 ] },
                "up": { "texture": "#brewing_stand", "uv": [ 1, 10, 4, 13 ] }
            }
        },
        {
            "from": [ 0, 3, 6.5 ], 
            "to": [ 1, 6, 9.5 ], 
            "rotation": { "origin": [ 8, 8, 8 ], "axis": "y", "angle": 45.0 },
            "faces": {
                "north": { "texture": "#brewing_stand", "uv": [ 4, 10, 5, 13 ] },
                "south": { "texture": "#brewing_stand", "uv": [ 0, 10, 1, 13 ] },
                "west": { "texture": "#brewing_stand", "uv": [ 1, 10, 4, 13 ] },
                "up": { "texture": "#brewing_stand", "uv": [ 1, 13, 4, 14 ] },
                "down": { "texture": "#brewing_stand", "uv": [ 1, 9, 4, 10 ], "rotation": 90 }
            }
        },
        {
            "from": [ 4, 3, 6.5 ], 
            "to": [ 5, 6, 9.5 ], 
            "rotation": { "origin": [ 8, 8, 8 ], "axis": "y", "angle": 45.0 },
            "faces": {
                "north": { "texture": "#brewing_stand", "uv": [ 0, 10, 1, 13 ] },
                "east": { "texture": "#brewing_stand", "uv": [ 1, 10, 4, 13 ] },
                "south": { "texture": "#brewing_stand", "uv": [ 4, 10, 5, 13 ] },
                "up": { "texture": "#brewing_stand", "uv": [ 1, 13, 4, 14 ] },
                "down": { "texture": "#brewing_stand", "uv": [ 1, 9, 4, 10 ], "rotation": 90 }
            }
        },
        {
            "from": [ 1, 3, 5.5 ], 
            "to": [ 4, 6, 6.5 ], 
            "rotation": { "origin": [ 8, 8, 8 ], "axis": "y", "angle": 45.0 },
            "faces": {
                "north": { "texture": "#brewing_stand", "uv": [ 1, 10, 4, 13 ] },
                "east": { "texture": "#brewing_stand", "uv": [ 4, 10, 5, 13 ] },
                "west": { "texture": "#brewing_stand", "uv": [ 0, 10, 1, 13 ] },
                "up": { "texture": "#brewing_stand", "uv": [ 1, 9, 4, 10 ] },
                "down": { "texture": "#brewing_stand", "uv": [ 1, 13, 4, 14 ] }
            }
        },
        {
            "from": [ 3, 7, 6.5 ], 
            "to": [ 3, 8, 7.5 ], 
            "rotation": { "origin": [ 8, 8, 8 ], "axis": "y", "angle": 45.0 },
            "faces": {
                "east": { "texture": "#brewing_stand", "uv": [ 1, 8, 2, 9 ] },
                "west": { "texture": "#brewing_stand", "uv": [ 3, 8, 4, 9 ] }
            }
        },
        {
            "from": [ 3, 7, 7.5 ], 
            "to": [ 4, 8, 7.5 ], 
            "rotation": { "origin": [ 8, 8, 8 ], "axis": "y", "angle": 45.0 },
            "faces": {
                "north": { "texture": "#brewing_stand", "uv": [ 3, 8, 4, 9 ] },
                "south": { "texture": "#brewing_stand", "uv": [ 3, 8, 4, 9 ] }
            }
        },
        {
            "from": [ 3, 7, 8.5 ], 
            "to": [ 4, 8, 8.5 ], 
            "rotation": { "origin": [ 8, 8, 8 ], "axis": "y", "angle": 45.0 },
            "faces": {
                "north": { "texture": "#brewing_stand", "uv": [ 3, 8, 4, 9 ] },
                "south": { "texture": "#brewing_stand", "uv": [ 3, 8, 4, 9 ] }
            }
        },
        {
            "from": [ 3, 7, 8.5 ], 
            "to": [ 3, 8, 9.5 ], 
            "rotation": { "origin": [ 8, 8, 8 ], "axis": "y", "angle": 45.0 },
            "faces": {
                "east": { "texture": "#brewing_stand", "uv": [ 1, 8, 2, 9 ] },
                "west": { "texture": "#brewing_stand", "uv": [ 3, 8, 4, 9 ] }
            }
        },
        {
            "from": [ 2, 7, 8.5 ], 
            "to": [ 2, 8, 9.5 ], 
            "rotation": { "origin": [ 8, 8, 8 ], "axis": "y", "angle": 45.0 },
            "faces": {
                "east": { "texture": "#brewing_stand", "uv": [ 1, 8, 2, 9 ] },
                "west": { "texture": "#brewing_stand", "uv": [ 3, 8, 4, 9 ] }
            }
        },
        {
            "from": [ 1, 7, 8.5 ], 
            "to": [ 2, 8, 8.5 ], 
            "rotation": { "origin": [ 8, 8, 8 ], "axis": "y", "angle": 45.0 },
            "faces": {
                "north": { "texture": "#brewing_stand", "uv": [ 3, 8, 4, 9 ] },
                "south": { "texture": "#brewing_stand", "uv": [ 3, 8, 4, 9 ] }
            }
        },
        {
            "from": [ 1, 3, 9.5 ], 
            "to": [ 4, 6, 10.5 ], 
            "rotation": { "origin": [ 8, 8, 8 ], "axis": "y", "angle": 45.0 },
            "faces": {
                "east": { "texture": "#brewing_stand", "uv": [ 0, 10, 1, 13 ] },
                "south": { "texture": "#brewing_stand", "uv": [ 1, 10, 4, 13 ] },
                "west": { "texture": "#brewing_stand", "uv": [ 4, 10, 5, 13 ] },
                "up": { "texture": "#brewing_stand", "uv": [ 1, 9, 4, 10 ] },
                "down": { "texture": "#brewing_stand", "uv": [ 1, 13, 4, 14 ] }
            }
        },
        {
            "from": [ 1, 2, 6.5 ], 
            "to": [ 4, 3, 9.5 ], 
            "rotation": { "origin": [ 8, 8, 8 ], "axis": "y", "angle": 45.0 },
            "faces": {
                "north": { "texture": "#brewing_stand", "uv": [ 1, 9, 4, 10 ] },
                "east": { "texture": "#brewing_stand", "uv": [ 1, 13, 4, 14 ] },
                "south": { "texture": "#brewing_stand", "uv": [ 1, 9, 4, 10 ] },
                "west": { "texture": "#brewing_stand", "uv": [ 1, 13, 4, 14 ] },
                "down": { "texture": "#brewing_stand", "uv": [ 1, 10, 4, 13 ] }
            }
        },
        {
            "from": [ 5, 3, 7.5 ], 
            "to": [ 6, 12, 8.5 ], 
            "rotation": { "origin": [ 8, 8, 8 ], "axis": "y", "angle": 45.0 },
            "faces": {
                "north": { "texture": "#brewing_stand", "uv": [ 10, 4, 11, 13 ] },
                "east": { "texture": "#brewing_stand", "uv": [ 10, 4, 11, 13 ] },
                "south": { "texture": "#brewing_stand", "uv": [ 10, 4, 11, 13 ] },
                "west": { "texture": "#brewing_stand", "uv": [ 10, 4, 11, 13 ] },
                "down": { "texture": "#brewing_stand", "uv": [ 10, 12, 11, 13 ] }
            }
        },
        {
            "from": [ 4, 14, 7.5 ], 
            "to": [ 5, 15, 8.5 ], 
            "rotation": { "origin": [ 8, 8, 8 ], "axis": "y", "angle": 45.0 },
            "faces": {
                "north": { "texture": "#brewing_stand", "uv": [ 11, 1, 12, 2 ] },
                "east": { "texture": "#brewing_stand", "uv": [ 11, 1, 12, 2 ] },
                "south": { "texture": "#brewing_stand", "uv": [ 11, 1, 12, 2 ] },
                "up": { "texture": "#brewing_stand", "uv": [ 11, 1, 12, 2 ] }
            }
        },
        {
            "from": [ 2, 11, 7.5 ], 
            "to": [ 3, 13, 8.5 ], 
            "rotation": { "origin": [ 8, 8, 8 ], "axis": "y", "angle": 45.0 },
            "faces": {
                "north": { "texture": "#brewing_stand", "uv": [ 13, 3, 14, 5 ] },
                "east": { "texture": "#brewing_stand", "uv": [ 13, 3, 14, 5 ] },
                "south": { "texture": "#brewing_stand", "uv": [ 13, 3, 14, 5 ] },
                "west": { "texture": "#brewing_stand", "uv": [ 13, 3, 14, 5 ] },
                "up": { "texture": "#brewing_stand", "uv": [ 13, 4, 14, 5 ] },
                "down": { "texture": "#brewing_stand", "uv": [ 13, 4, 14, 5 ] }
            }
        },
        {
            "from": [ 0.99, 7.99, 7.5 ], 
            "to": [ 4.01, 9.01, 8.5 ], 
            "rotation": { "origin": [ 8, 8, 8 ], "axis": "y", "angle": 45.0 },
            "faces": {
                "north": { "texture": "#brewing_stand", "uv": [ 2, 7, 3.02, 8.02 ] },
                "east": { "texture": "#brewing_stand", "uv": [ 2, 7, 3, 8.02 ] },
                "south": { "texture": "#brewing_stand", "uv": [ 2, 7, 3.02, 8.02 ] },
                "west": { "texture": "#brewing_stand", "uv": [ 2, 7, 3, 8.02 ] },
                "up": { "texture": "#brewing_stand", "uv": [ 2, 7, 3.02, 8 ] },
                "down": { "texture": "#brewing_stand", "uv": [ 2, 7, 3.02, 8 ] }
            }
        }
    ]
}