{
	"credit": "Made with Blockbench",
	"textures": {
		"3": "block/smooth_stone",
		"4": "block/dark_oak_planks",
		"particle": "block/dark_oak_planks"
	},
	"elements": [
		{
			"from": [0, 0, 1],
			"to": [16, 4, 3],
			"rotation": {"angle": 0, "axis": "x", "origin": [8, 0.5, 4]},
			"faces": {
				"north": {"uv": [0, 0, 16, 7], "texture": "#4"},
				"east": {"uv": [0, 0, 16, 6], "texture": "#4"},
				"south": {"uv": [0, 0, 16, 7], "texture": "#4"},
				"west": {"uv": [0, 0, 16, 7], "texture": "#4"},
				"up": {"uv": [0, 0, 16, 6], "texture": "#4"},
				"down": {"uv": [0, 0, 16, 7], "texture": "#4"}
			}
		},
		{
			"from": [11, 0, 0],
			"to": [13, 3, 16],
			"rotation": {"angle": 0, "axis": "x", "origin": [8, 0.5, 4]},
			"faces": {
				"north": {"uv": [0, 0, 16, 7], "texture": "#4"},
				"east": {"uv": [0, 0, 16, 6], "texture": "#4"},
				"south": {"uv": [0, 0, 16, 7], "texture": "#4"},
				"west": {"uv": [0, 0, 16, 7], "texture": "#4"},
				"up": {"uv": [0, 0, 16, 6], "rotation": 90, "texture": "#4"},
				"down": {"uv": [0, 0, 16, 7], "rotation": 270, "texture": "#4"}
			}
		},
		{
			"from": [3, 0, 0],
			"to": [5, 3, 16],
			"rotation": {"angle": 0, "axis": "x", "origin": [8, 0.5, 4]},
			"faces": {
				"north": {"uv": [0, 0, 16, 7], "texture": "#4"},
				"east": {"uv": [0, 0, 16, 6], "texture": "#4"},
				"south": {"uv": [0, 0, 16, 7], "texture": "#4"},
				"west": {"uv": [0, 0, 16, 7], "texture": "#4"},
				"up": {"uv": [0, 0, 16, 6], "rotation": 90, "texture": "#4"},
				"down": {"uv": [0, 0, 16, 7], "rotation": 270, "texture": "#4"}
			}
		},
		{
			"from": [0, 0, 5],
			"to": [16, 4, 7],
			"rotation": {"angle": 0, "axis": "x", "origin": [8, 0.5, 4]},
			"faces": {
				"north": {"uv": [0, 0, 16, 7], "texture": "#4"},
				"east": {"uv": [0, 0, 16, 6], "texture": "#4"},
				"south": {"uv": [0, 0, 16, 7], "texture": "#4"},
				"west": {"uv": [0, 0, 16, 7], "texture": "#4"},
				"up": {"uv": [0, 0, 16, 6], "texture": "#4"},
				"down": {"uv": [0, 0, 16, 7], "texture": "#4"}
			}
		},
		{
			"from": [14, -1, 4.9],
			"to": [15.5, 4.5, 7.4],
			"rotation": {"angle": 0, "axis": "x", "origin": [8, 0.5, 4]},
			"faces": {
				"north": {"uv": [0, 0, 16, 7], "texture": "#3"},
				"east": {"uv": [0, 0, 16, 6], "texture": "#3"},
				"south": {"uv": [0, 0, 16, 7], "texture": "#3"},
				"west": {"uv": [0, 0, 16, 7], "texture": "#3"},
				"up": {"uv": [0, 0, 16, 6], "texture": "#3"},
				"down": {"uv": [0, 0, 16, 7], "texture": "#3"}
			}
		},
		{
			"from": [14, -1, 8.9],
			"to": [15.5, 4.5, 11.4],
			"rotation": {"angle": 0, "axis": "x", "origin": [8, 0.5, 4]},
			"faces": {
				"north": {"uv": [0, 0, 16, 7], "texture": "#3"},
				"east": {"uv": [0, 0, 16, 6], "texture": "#3"},
				"south": {"uv": [0, 0, 16, 7], "texture": "#3"},
				"west": {"uv": [0, 0, 16, 7], "texture": "#3"},
				"up": {"uv": [0, 0, 16, 6], "texture": "#3"},
				"down": {"uv": [0, 0, 16, 7], "texture": "#3"}
			}
		},
		{
			"from": [14, -1, 12.9],
			"to": [15.5, 4.5, 15.4],
			"rotation": {"angle": 0, "axis": "x", "origin": [8, 0.5, 4]},
			"faces": {
				"north": {"uv": [0, 0, 16, 7], "texture": "#3"},
				"east": {"uv": [0, 0, 16, 6], "texture": "#3"},
				"south": {"uv": [0, 0, 16, 7], "texture": "#3"},
				"west": {"uv": [0, 0, 16, 7], "texture": "#3"},
				"up": {"uv": [0, 0, 16, 6], "texture": "#3"},
				"down": {"uv": [0, 0, 16, 7], "texture": "#3"}
			}
		},
		{
			"from": [14, -1, 0.9],
			"to": [15.5, 4.5, 3.4],
			"rotation": {"angle": 0, "axis": "x", "origin": [8, 0.5, 4]},
			"faces": {
				"north": {"uv": [0, 0, 16, 7], "texture": "#3"},
				"east": {"uv": [0, 0, 16, 6], "texture": "#3"},
				"south": {"uv": [0, 0, 16, 7], "texture": "#3"},
				"west": {"uv": [0, 0, 16, 7], "texture": "#3"},
				"up": {"uv": [0, 0, 16, 6], "texture": "#3"},
				"down": {"uv": [0, 0, 16, 7], "texture": "#3"}
			}
		},
		{
			"from": [1, -1, 0.9],
			"to": [2.5, 4.5, 3.4],
			"rotation": {"angle": 0, "axis": "x", "origin": [8, 0.5, 4]},
			"faces": {
				"north": {"uv": [0, 0, 16, 7], "texture": "#3"},
				"east": {"uv": [0, 0, 16, 6], "texture": "#3"},
				"south": {"uv": [0, 0, 16, 7], "texture": "#3"},
				"west": {"uv": [0, 0, 16, 7], "texture": "#3"},
				"up": {"uv": [0, 0, 16, 6], "texture": "#3"},
				"down": {"uv": [0, 0, 16, 7], "texture": "#3"}
			}
		},
		{
			"from": [1, -1, 4.9],
			"to": [2.5, 4.5, 7.4],
			"rotation": {"angle": 0, "axis": "x", "origin": [8, 0.5, 4]},
			"faces": {
				"north": {"uv": [0, 0, 16, 7], "texture": "#3"},
				"east": {"uv": [0, 0, 16, 6], "texture": "#3"},
				"south": {"uv": [0, 0, 16, 7], "texture": "#3"},
				"west": {"uv": [0, 0, 16, 7], "texture": "#3"},
				"up": {"uv": [0, 0, 16, 6], "texture": "#3"},
				"down": {"uv": [0, 0, 16, 7], "texture": "#3"}
			}
		},
		{
			"from": [1, -1, 8.9],
			"to": [2.5, 4.5, 11.4],
			"rotation": {"angle": 0, "axis": "x", "origin": [8, 0.5, 4]},
			"faces": {
				"north": {"uv": [0, 0, 16, 7], "texture": "#3"},
				"east": {"uv": [0, 0, 16, 6], "texture": "#3"},
				"south": {"uv": [0, 0, 16, 7], "texture": "#3"},
				"west": {"uv": [0, 0, 16, 7], "texture": "#3"},
				"up": {"uv": [0, 0, 16, 6], "texture": "#3"},
				"down": {"uv": [0, 0, 16, 7], "texture": "#3"}
			}
		},
		{
			"from": [1, -1, 12.9],
			"to": [2.5, 4.5, 15.4],
			"rotation": {"angle": 0, "axis": "x", "origin": [8, 0.5, 4]},
			"faces": {
				"north": {"uv": [0, 0, 16, 7], "texture": "#3"},
				"east": {"uv": [0, 0, 16, 6], "texture": "#3"},
				"south": {"uv": [0, 0, 16, 7], "texture": "#3"},
				"west": {"uv": [0, 0, 16, 7], "texture": "#3"},
				"up": {"uv": [0, 0, 16, 6], "texture": "#3"},
				"down": {"uv": [0, 0, 16, 7], "texture": "#3"}
			}
		},
		{
			"from": [0, 0, 9],
			"to": [16, 4, 11],
			"rotation": {"angle": 0, "axis": "x", "origin": [8, 0.5, 4]},
			"faces": {
				"north": {"uv": [0, 0, 16, 7], "texture": "#4"},
				"east": {"uv": [0, 0, 16, 6], "texture": "#4"},
				"south": {"uv": [0, 0, 16, 7], "texture": "#4"},
				"west": {"uv": [0, 0, 16, 7], "texture": "#4"},
				"up": {"uv": [0, 0, 16, 6], "texture": "#4"},
				"down": {"uv": [0, 0, 16, 7], "texture": "#4"}
			}
		},
		{
			"from": [0, 0, 13],
			"to": [16, 4, 15],
			"rotation": {"angle": 0, "axis": "x", "origin": [8, 0.5, 4]},
			"faces": {
				"north": {"uv": [0, 0, 16, 7], "texture": "#4"},
				"east": {"uv": [0, 0, 16, 6], "texture": "#4"},
				"south": {"uv": [0, 0, 16, 7], "texture": "#4"},
				"west": {"uv": [0, 0, 16, 7], "texture": "#4"},
				"up": {"uv": [0, 0, 16, 6], "texture": "#4"},
				"down": {"uv": [0, 0, 16, 7], "texture": "#4"}
			}
		}
	],
	"gui_light": "front",
	"display": {
		"thirdperson_righthand": {
			"rotation": [55, 1, 0],
			"translation": [0, 4, 1.25],
			"scale": [0.5, 0.5, 0.5]
		},
		"thirdperson_lefthand": {
			"translation": [0, 2.5, 0],
			"scale": [0.2, 0.2, 0.2]
		},
		"firstperson_righthand": {
			"rotation": [90, 1, 0],
			"translation": [4.75, 2, 5]
		},
		"ground": {
			"translation": [0, 6.5, 0]
		},
		"gui": {
			"rotation": [88, 0, 0]
		},
		"head": {
			"translation": [0, 13.75, 0]
		},
		"fixed": {
			"rotation": [89, 1, 0],
			"translation": [0, 0, 6.5]
		}
	}
}