{
	"credit": "Made with Blockbench",
	"textures": {
		"0": "block/squash",
		"1": "item/squash",
		"particle": "block/squash"
	},
	"elements": [
		{
			"from": [8, 13, 7],
			"to": [8, 16, 9],
			"faces": {
				"north": {"uv": [7, 0, 8, 2], "texture": "#0"},
				"east": {"uv": [7, 0, 8, 2], "texture": "#0"},
				"south": {"uv": [7, 0, 8, 2], "texture": "#0"},
				"west": {"uv": [7, 0, 8, 2], "texture": "#0"},
				"up": {"uv": [7, 0, 8, 2], "texture": "#0"},
				"down": {"uv": [7, 0, 8, 2], "texture": "#0"}
			}
		},
		{
			"from": [7, 13, 8],
			"to": [9, 16, 8],
			"rotation": {"angle": 0, "axis": "y", "origin": [8, 14.5, 8]},
			"faces": {
				"north": {"uv": [7, 0, 8, 2], "texture": "#0"},
				"east": {"uv": [7, 0, 8, 2], "texture": "#0"},
				"south": {"uv": [7, 0, 8, 2], "texture": "#0"},
				"west": {"uv": [7, 0, 8, 2], "texture": "#0"},
				"up": {"uv": [7, 0, 8, 2], "rotation": 270, "texture": "#0"},
				"down": {"uv": [7, 0, 8, 2], "rotation": 90, "texture": "#0"}
			}
		},
		{
			"from": [0, 0, 8],
			"to": [16, 15, 8],
			"faces": {
				"north": {"uv": [0, 0, 16, 16], "texture": "#1"},
				"east": {"uv": [0, 0, 0, 15], "texture": "#missing"},
				"south": {"uv": [0, 0, 16, 16], "texture": "#1"},
				"west": {"uv": [0, 0, 0, 15], "texture": "#missing"},
				"up": {"uv": [0, 0, 16, 0], "texture": "#missing"},
				"down": {"uv": [0, 0, 16, 0], "texture": "#missing"}
			}
		},
		{
			"from": [8, 0, 0],
			"to": [8, 15, 16],
			"rotation": {"angle": 0, "axis": "y", "origin": [8, 7.5, 8]},
			"faces": {
				"north": {"uv": [0, 0, 0, 15], "texture": "#missing"},
				"east": {"uv": [0, 0, 16, 16], "texture": "#1"},
				"south": {"uv": [0, 0, 0, 15], "texture": "#missing"},
				"west": {"uv": [0, 0, 16, 16], "texture": "#1"},
				"up": {"uv": [0, 0, 16, 0], "rotation": 90, "texture": "#missing"},
				"down": {"uv": [0, 0, 16, 0], "rotation": 270, "texture": "#missing"}
			}
		}
	],
	"display": {
		"head": {
			"translation": [0, 14, 0],
			"scale": [1.67578, 1.70313, 1.73242]
		}
	}
}