{
	"credit": "Made by Dove0 for GeoHub",
        "textures": {
        "texture": "block/oak_planks"
        },
	"elements": [
		{
			"from": [1, 0, 13],
			"to": [3, 11, 15],
			"color": 1,
			"faces": {
				"north": {"uv": [0, 0, 2, 11], "texture": "#texture"},
				"east": {"uv": [0, 0, 2, 11], "texture": "#texture"},
				"south": {"uv": [0, 0, 2, 11], "texture": "#texture"},
				"west": {"uv": [0, 0, 2, 11], "texture": "#texture"},
				"up": {"uv": [0, 0, 2, 2], "texture": "#texture"},
				"down": {"uv": [0, 0, 2, 2], "texture": "#texture"}
			}
		},
		{
			"from": [1, 0, 1],
			"to": [3, 11, 3],
			"color": 1,
			"faces": {
				"north": {"uv": [0, 0, 2, 11], "texture": "#texture"},
				"east": {"uv": [0, 0, 2, 11], "texture": "#texture"},
				"south": {"uv": [0, 0, 2, 11], "texture": "#texture"},
				"west": {"uv": [0, 0, 2, 11], "texture": "#texture"},
				"up": {"uv": [0, 0, 2, 2], "texture": "#texture"},
				"down": {"uv": [0, 0, 2, 2], "texture": "#texture"}
			}
		},
		{
			"from": [13, 0, 13],
			"to": [15, 11, 15],
			"color": 1,
			"faces": {
				"north": {"uv": [0, 0, 2, 11], "texture": "#texture"},
				"east": {"uv": [0, 0, 2, 11], "texture": "#texture"},
				"south": {"uv": [0, 0, 2, 11], "texture": "#texture"},
				"west": {"uv": [0, 0, 2, 11], "texture": "#texture"},
				"up": {"uv": [0, 0, 2, 2], "texture": "#texture"},
				"down": {"uv": [0, 0, 2, 2], "texture": "#texture"}
			}
		},
		{
			"from": [13, 0, 1],
			"to": [15, 11, 3],
			"color": 1,
			"faces": {
				"north": {"uv": [0, 0, 2, 11], "texture": "#texture"},
				"east": {"uv": [0, 0, 2, 11], "texture": "#texture"},
				"south": {"uv": [0, 0, 2, 11], "texture": "#texture"},
				"west": {"uv": [0, 0, 2, 11], "texture": "#texture"},
				"up": {"uv": [0, 0, 2, 2], "texture": "#texture"},
				"down": {"uv": [0, 0, 2, 2], "texture": "#texture"}
			}
		},
		{
			"from": [1, 11, 1],
			"to": [15, 11, 15],
			"color": 1,
			"faces": {
				"north": {"uv": [0, 0, 14, 0], "texture": "#texture"},
				"east": {"uv": [0, 0, 14, 0], "texture": "#texture"},
				"south": {"uv": [0, 0, 14, 0], "texture": "#texture"},
				"west": {"uv": [0, 0, 14, 0], "texture": "#texture"},
				"up": {"uv": [0, 0, 14, 14], "texture": "#texture"},
				"down": {"uv": [0, 0, 14, 14], "texture": "#texture"}
			}
		},
		{
			"from": [1, 11, 15],
			"to": [15, 27, 15],
			"color": 0,
			"faces": {
				"north": {"uv": [0, 0, 14, 16], "texture": "#texture"},
				"east": {"uv": [0, 0, 0, 16], "texture": "#texture"},
				"south": {"uv": [0, 0, 14, 16], "texture": "#texture"},
				"west": {"uv": [0, 0, 0, 16], "texture": "#texture"},
				"up": {"uv": [0, 0, 14, 0], "texture": "#texture"},
				"down": {"uv": [0, 0, 14, 0], "texture": "#texture"}
			}
		}
	],
	"display": {}
}