{
	"credit": "Made with Blockbench",
	"parent": "block/block",
	"textures": {
		"particle": "block/dirt",
		"1_bottom": "block/dirt",
		"1_top": "block/grass_block_top1",
		"1_side": "block/grass_block_side1",
		"1_overlay": "block/grass_block_side_overlay"
	},
	"elements": [
		{
			"from": [0, 0, 0],
			"to": [16, 16, 16],
			"faces": {
				"north": {"uv": [0, 0, 16, 16], "texture": "#1_side", "cullface": "north"},
				"east": {"uv": [0, 0, 16, 16], "texture": "#1_side", "cullface": "east"},
				"south": {"uv": [0, 0, 16, 16], "texture": "#1_side", "cullface": "south"},
				"west": {"uv": [0, 0, 16, 16], "texture": "#1_side", "cullface": "west"},
				"up": {"uv": [0, 0, 16, 16], "texture": "#1_top", "cullface": "up", "tintindex": 0},
				"down": {"uv": [0, 0, 16, 16], "texture": "#1_bottom", "cullface": "down"}
			}
		},
		{
			"from": [0, 0, 0],
			"to": [16, 16, 16],
			"faces": {
				"north": {"uv": [0, 0, 16, 16], "texture": "#1_overlay", "cullface": "north", "tintindex": 0},
				"east": {"uv": [0, 0, 16, 16], "texture": "#1_overlay", "cullface": "east", "tintindex": 0},
				"south": {"uv": [0, 0, 16, 16], "texture": "#1_overlay", "cullface": "south", "tintindex": 0},
				"west": {"uv": [0, 0, 16, 16], "texture": "#1_overlay", "cullface": "west", "tintindex": 0}
			}
		}
	],
	"groups": [
		{
			"name": "grass_block",
			"origin": [8, 8, 8],
			"children": [0, 1]
		}
	]
}