{
	"credit": "Made with Blockbench",
	"textures": {
		"0": "block/gushroom",
		"particle": "block/gushroom"
	},
	"elements": [
		{
			"from": [6, 0, 6],
			"to": [10, 7, 10],
			"faces": {
				"north": {"uv": [5, 8, 11, 16], "texture": "#0"},
				"east": {"uv": [5, 8, 11, 16], "texture": "#0"},
				"south": {"uv": [5, 8, 11, 16], "texture": "#0"},
				"west": {"uv": [5, 8, 11, 16], "texture": "#0"},
				"up": {"uv": [5, 8, 11, 16], "texture": "#0"},
				"down": {"uv": [5, 8, 11, 16], "texture": "#0"}
			}
		},
		{
			"from": [2, 7, 2],
			"to": [14, 13, 14],
			"faces": {
				"north": {"uv": [0, 0, 16, 8], "texture": "#0"},
				"east": {"uv": [0, 0, 16, 8], "texture": "#0"},
				"south": {"uv": [0, 0, 16, 8], "texture": "#0"},
				"west": {"uv": [0, 0, 16, 8], "texture": "#0"},
				"up": {"uv": [0, 0, 16, 8], "texture": "#0"},
				"down": {"uv": [0, 0, 16, 8], "texture": "#0"}
			}
		}
	],
	"display": {
		"thirdperson_righthand": {
			"translation": [0, 2.5, 1.25],
			"scale": [0.4, 0.4, 0.4]
		},
		"thirdperson_lefthand": {
			"rotation": [68.75, 0, 0],
			"translation": [-6, 2.5, 22.25]
		},
		"gui": {
			"rotation": [45, 45, 0],
			"scale": [0.7, 1, 0.7]
		}
	}
}