{
	"parent": "block/block",
	"textures": {
		"bushy": "block/oak_leaves_bushy",
		"particle": "#all"
	},
	"elements": [
		{
			"from": [0.0004, -5, -0.0014],
			"to": [16.0004, 0, -0.0004],
			"shade": false,
			"rotation": {"angle": 45, "axis": "y", "origin": [16, -5, 0], "rescale": true},
			"faces": {
				"north": {"uv": [0, 16, 15.5, 11], "texture": "#bushy", "cullface": "down", "tintindex": 0},
				"south": {"uv": [0, 16, 16, 11], "texture": "#bushy", "cullface": "down", "tintindex": 0}
			}
		},
		{
			"from": [0, -5, 0],
			"to": [16, 0, 0.001],
			"shade": false,
			"rotation": {"angle": -45, "axis": "y", "origin": [0, -5, 0], "rescale": true},
			"faces": {
				"north": {"uv": [0, 16, 16, 11], "texture": "#bushy", "cullface": "down", "tintindex": 0},
				"south": {"uv": [0, 16, 16, 11], "texture": "#bushy", "cullface": "down", "tintindex": 0}
			}
		},
		{
			"from": [0.0004, 16, -0.0014],
			"to": [16.0004, 21, -0.0004],
			"shade": false,
			"rotation": {"angle": 45, "axis": "y", "origin": [16, 16, 0], "rescale": true},
			"faces": {
				"north": {"uv": [0, 11, 16, 16], "texture": "#bushy", "cullface": "up", "tintindex": 0},
				"south": {"uv": [0, 11, 16, 16], "texture": "#bushy", "cullface": "up", "tintindex": 0}
			}
		},
		{
			"from": [0, 16, 0],
			"to": [16, 21, 0.001],
			"shade": false,
			"rotation": {"angle": -45, "axis": "y", "origin": [0, 16, 0], "rescale": true},
			"faces": {
				"north": {"uv": [0, 11, 16, 16], "texture": "#bushy", "cullface": "up", "tintindex": 0},
				"south": {"uv": [0, 11, 16, 16], "texture": "#bushy", "cullface": "up", "tintindex": 0}
			}
		},
		{
			"name": "PlaneX6",
			"from": [0.5, 0.5, -5],
			"to": [0.501, 16.5, 0],
			"shade": false,
			"rotation": {"angle": -45, "axis": "z", "origin": [0.5, 0.5, -5], "rescale": true},
			"faces": {
				"east": {"uv": [0, 11, 16, 16], "rotation": 90, "texture": "#bushy", "cullface": "north", "tintindex": 0},
				"west": {"uv": [0, 11, 16, 16], "rotation": 270, "texture": "#bushy", "cullface": "north", "tintindex": 0}
			}
		},
		{
			"name": "PlaneX7",
			"from": [16, 0, -5],
			"to": [16.001, 16, 0],
			"shade": false,
			"rotation": {"angle": 45, "axis": "z", "origin": [16, 0, -5], "rescale": true},
			"faces": {
				"east": {"uv": [0, 11, 16, 16], "rotation": 90, "texture": "#bushy", "cullface": "north", "tintindex": 0},
				"west": {"uv": [0, 11, 16, 16], "rotation": 270, "texture": "#bushy", "cullface": "north", "tintindex": 0}
			}
		},
		{
			"name": "PlaneX6",
			"from": [-0.5, -0.001, 16],
			"to": [15.5, 0, 21],
			"shade": false,
			"rotation": {"angle": 45, "axis": "z", "origin": [-0.5, 0, 16], "rescale": true},
			"faces": {
				"up": {"uv": [0, 11, 16, 16], "rotation": 180, "texture": "#bushy", "cullface": "south", "tintindex": 0},
				"down": {"uv": [0, 11, 16, 16], "texture": "#bushy", "cullface": "south", "tintindex": 0}
			}
		},
		{
			"name": "PlaneX6",
			"from": [-5, 0.5, 0.499],
			"to": [0, 16.5, 0.5],
			"shade": false,
			"rotation": {"angle": 45, "axis": "x", "origin": [-5, 0.5, 0.5], "rescale": true},
			"faces": {
				"north": {"uv": [0, 16, 16, 11], "rotation": 270, "texture": "#bushy", "cullface": "west", "tintindex": 0},
				"south": {"uv": [0, 16, 16, 11], "rotation": 90, "texture": "#bushy", "cullface": "west", "tintindex": 0}
			}
		},
		{
			"name": "PlaneX6",
			"from": [16, 0, 16],
			"to": [16.001, 16, 21],
			"shade": false,
			"rotation": {"angle": 45, "axis": "z", "origin": [16, 0, 16], "rescale": true},
			"faces": {
				"east": {"uv": [0, 11, 16, 16], "rotation": 270, "texture": "#bushy", "cullface": "south", "tintindex": 0},
				"west": {"uv": [0, 11, 16, 16], "rotation": 90, "texture": "#bushy", "cullface": "south", "tintindex": 0}
			}
		},
		{
			"name": "PlaneX6",
			"from": [-5, 0.5, 15.499],
			"to": [0, 16.5, 15.5],
			"shade": false,
			"rotation": {"angle": -45, "axis": "x", "origin": [-5, 0.5, 15.5], "rescale": true},
			"faces": {
				"north": {"uv": [0, 16, 16, 11], "rotation": 270, "texture": "#bushy", "cullface": "west", "tintindex": 0},
				"south": {"uv": [0, 16, 16, 11], "rotation": 90, "texture": "#bushy", "cullface": "west", "tintindex": 0}
			}
		},
		{
			"name": "PlaneX6",
			"from": [16, 0.5, 0.499],
			"to": [21, 16.5, 0.5],
			"shade": false,
			"rotation": {"angle": 45, "axis": "x", "origin": [16, 0.5, 0.5], "rescale": true},
			"faces": {
				"north": {"uv": [0, 11, 16, 16], "rotation": 270, "texture": "#bushy", "cullface": "east", "tintindex": 0},
				"south": {"uv": [0, 11, 16, 16], "rotation": 90, "texture": "#bushy", "cullface": "east", "tintindex": 0}
			}
		},
		{
			"name": "PlaneX6",
			"from": [16, 0.5, 15.499],
			"to": [21, 16.5, 15.5],
			"shade": false,
			"rotation": {"angle": -45, "axis": "x", "origin": [16, 0.5, 15.5], "rescale": true},
			"faces": {
				"north": {"uv": [0, 11, 16, 16], "rotation": 270, "texture": "#bushy", "cullface": "east", "tintindex": 0},
				"south": {"uv": [0, 11, 16, 16], "rotation": 90, "texture": "#bushy", "cullface": "east", "tintindex": 0}
			}
		},
		{
			"from": [0, 0, 0],
			"to": [16, 16, 16],
			"shade": false,
			"faces": {
				"north": {"uv": [0, 0, 16, 16], "texture": "#all", "cullface": "north", "tintindex": 0},
				"east": {"uv": [0, 0, 16, 16], "texture": "#all", "cullface": "east", "tintindex": 0},
				"south": {"uv": [0, 0, 16, 16], "texture": "#all", "cullface": "south", "tintindex": 0},
				"west": {"uv": [0, 0, 16, 16], "texture": "#all", "cullface": "west", "tintindex": 0},
				"up": {"uv": [0, 0, 16, 16], "texture": "#all", "cullface": "up", "tintindex": 0},
				"down": {"uv": [0, 0, 16, 16], "texture": "#all", "cullface": "down", "tintindex": 0}
			}
		}
	],
	"display": {
		"thirdperson_righthand": {
			"rotation": [75, 45, 0],
			"translation": [0, 2.5, 0],
			"scale": [0.375, 0.375, 0.375]
		},
		"thirdperson_lefthand": {
			"rotation": [75, 45, 0],
			"translation": [0, 2.5, 0],
			"scale": [0.375, 0.375, 0.375]
		},
		"firstperson_righthand": {
			"rotation": [0, 45, 0],
			"scale": [0.4, 0.4, 0.4]
		},
		"firstperson_lefthand": {
			"rotation": [0, 225, 0],
			"scale": [0.4, 0.4, 0.4]
		},
		"ground": {
			"translation": [0, 3, 0],
			"scale": [0.25, 0.25, 0.25]
		},
		"gui": {
			"rotation": [30, 225, 0],
			"scale": [0.625, 0.625, 0.625]
		},
		"fixed": {
			"scale": [0.5, 0.5, 0.5]
		}
	},
	"groups": [
		0,
		1,
		2,
		3,
		4,
		5,
		6,
		7,
		8,
		9,
		10,
		11,
		{
			"name": "leaves",
			"origin": [8, 8, 8],
			"color": 0,
			"children": [12]
		}
	]
}