{
	"__comment": "Created by _GrandMagus_",
	"parent": "block/block",
	"textures": {
		"particle": "blocks/e_texture",
		"all": "blocks/e_texture",
		"bushy": "block/oak_leaves_bushy"
	},
	"elements": [
		{
			"from": [ -0.01, -0.01, -0.01 ],
			"to": [ 16.01, 16.01, 16.01 ],
			"faces": {
				"down": { "uv": [ 16, 16, 0, 0 ], "texture": "#all", "cullface": "down", "tintindex": -1 },
				"up": { "uv": [ 0, 0, 16, 16 ], "texture": "#all", "cullface": "up", "tintindex": -1 },
				"north": { "uv": [ 0, 0, 16, 16 ], "texture": "#all", "cullface": "north", "tintindex": -1 },
				"south": { "uv": [ 0, 0, 16, 16 ], "texture": "#all", "cullface": "south", "tintindex": -1 },
				"west": { "uv": [ 0, 0, 16, 16 ], "texture": "#all", "cullface": "west", "tintindex": -1 },
				"east": { "uv": [ 0, 0, 16, 16 ], "texture": "#all", "cullface": "east", "tintindex": -1 }
			}
		},
		{
			"from": [ -1.9996, -5, 1.9986 ],
			"to": [ 14.0004, 0, 1.9996 ],
			"rotation": { "origin": [ 14, -5, 2 ], "axis": "y", "angle": 45 },
			"shade": false,
			"faces": {
				"north": { "uv": [ 0, 16, 15.5, 11 ], "texture": "#bushy", "cullface": "down", "tintindex": -1 },
				"south": { "uv": [ 0, 16, 16, 11 ], "texture": "#bushy", "cullface": "down", "tintindex": -1 }
			}
		},
		{
			"from": [ 2, -5.5, 2 ],
			"to": [ 18, -0.5, 2.001 ],
			"rotation": { "origin": [ 2, -5.5, 2 ], "axis": "y", "angle": -45 },
			"shade": false,
			"faces": {
				"north": { "uv": [ 0, 16, 16, 11 ], "texture": "#bushy", "cullface": "down", "tintindex": -1 },
				"south": { "uv": [ 0, 16, 16, 11 ], "texture": "#bushy", "cullface": "down", "tintindex": -1 }
			}
		},
		{
			"from": [ -1.9996, 16, 1.9986 ],
			"to": [ 14.0004, 21, 1.9996 ],
			"rotation": { "origin": [ 14, 16, 2 ], "axis": "y", "angle": 45 },
			"shade": false,
			"faces": {
				"north": { "uv": [ 0, 11, 16, 16 ], "texture": "#bushy", "cullface": "up", "tintindex": -1 },
				"south": { "uv": [ 0, 11, 16, 16 ], "texture": "#bushy", "cullface": "up", "tintindex": -1 }
			}
		},
		{
			"from": [ 2, 16, 2 ],
			"to": [ 18, 21, 2.001 ],
			"rotation": { "origin": [ 2, 16, 2 ], "axis": "y", "angle": -45 },
			"shade": false,
			"faces": {
				"north": { "uv": [ 0, 11, 16, 16 ], "texture": "#bushy", "cullface": "up", "tintindex": -1 },
				"south": { "uv": [ 0, 11, 16, 16 ], "texture": "#bushy", "cullface": "up", "tintindex": -1 }
			}
		},
		{
			"__comment": "PlaneX6",
			"from": [ 2.5, 2.5, -5 ],
			"to": [ 2.501, 18.5, 0 ],
			"rotation": { "origin": [ 2.5, 2.5, -5 ], "axis": "z", "angle": -45 },
			"shade": false,
			"faces": {
				"west": { "uv": [ 0, 11, 16, 16 ], "texture": "#bushy", "cullface": "north", "rotation": 270, "tintindex": -1 },
				"east": { "uv": [ 0, 11, 16, 16 ], "texture": "#bushy", "cullface": "north", "rotation": 90, "tintindex": -1 }
			}
		},
		{
			"__comment": "PlaneX6",
			"from": [ 14, 2, -5 ],
			"to": [ 14.001, 18, 0 ],
			"rotation": { "origin": [ 14, 2, -5 ], "axis": "z", "angle": 45 },
			"shade": false,
			"faces": {
				"west": { "uv": [ 0, 11, 16, 16 ], "texture": "#bushy", "cullface": "north", "rotation": 270, "tintindex": -1 },
				"east": { "uv": [ 0, 11, 16, 16 ], "texture": "#bushy", "cullface": "north", "rotation": 90, "tintindex": -1 }
			}
		},
		{
			"__comment": "PlaneX6",
			"from": [ 2, 2, 16 ],
			"to": [ 2.001, 18, 21 ],
			"rotation": { "origin": [ 2, 2, 16 ], "axis": "z", "angle": -45 },
			"shade": false,
			"faces": {
				"west": { "uv": [ 0, 11, 16, 16 ], "texture": "#bushy", "cullface": "south", "rotation": 90, "tintindex": -1 },
				"east": { "uv": [ 0, 11, 16, 16 ], "texture": "#bushy", "cullface": "south", "rotation": 270, "tintindex": -1 }
			}
		},
		{
			"__comment": "PlaneX6",
			"from": [ -5, 2.5, 2.499 ],
			"to": [ 0, 18.5, 2.5 ],
			"rotation": { "origin": [ -5, 2.5, 2.5 ], "axis": "x", "angle": 45 },
			"shade": false,
			"faces": {
				"north": { "uv": [ 0, 16, 16, 11 ], "texture": "#bushy", "cullface": "west", "rotation": 270, "tintindex": -1 },
				"south": { "uv": [ 0, 16, 16, 11 ], "texture": "#bushy", "cullface": "west", "rotation": 90, "tintindex": -1 }
			}
		},
		{
			"__comment": "PlaneX6",
			"from": [ 14, 2, 16 ],
			"to": [ 14.001, 18, 21 ],
			"rotation": { "origin": [ 14, 2, 16 ], "axis": "z", "angle": 45 },
			"shade": false,
			"faces": {
				"west": { "uv": [ 0, 11, 16, 16 ], "texture": "#bushy", "cullface": "south", "rotation": 90, "tintindex": -1 },
				"east": { "uv": [ 0, 11, 16, 16 ], "texture": "#bushy", "cullface": "south", "rotation": 270, "tintindex": -1 }
			}
		},
		{
			"__comment": "PlaneX6",
			"from": [ -5, 2.5, 13.499 ],
			"to": [ 0, 18.5, 13.5 ],
			"rotation": { "origin": [ -5, 2.5, 13.5 ], "axis": "x", "angle": -45 },
			"shade": false,
			"faces": {
				"north": { "uv": [ 0, 16, 16, 11 ], "texture": "#bushy", "cullface": "west", "rotation": 270, "tintindex": -1 },
				"south": { "uv": [ 0, 16, 16, 11 ], "texture": "#bushy", "cullface": "west", "rotation": 90, "tintindex": -1 }
			}
		},
		{
			"__comment": "PlaneX6",
			"from": [ 16, 2.5, 2.499 ],
			"to": [ 21, 18.5, 2.5 ],
			"rotation": { "origin": [ 16, 2.5, 2.5 ], "axis": "x", "angle": 45 },
			"shade": false,
			"faces": {
				"north": { "uv": [ 0, 8, 16, 16 ], "texture": "#bushy", "cullface": "east", "rotation": 270, "tintindex": -1 },
				"south": { "uv": [ 0, 11, 16, 16 ], "texture": "#bushy", "cullface": "east", "rotation": 90, "tintindex": -1 }
			}
		},
		{
			"__comment": "PlaneX6",
			"from": [ 16, 2.5, 13.499 ],
			"to": [ 21, 18.5, 13.5 ],
			"rotation": { "origin": [ 16, 2.5, 13.5 ], "axis": "x", "angle": -45 },
			"shade": false,
			"faces": {
				"north": { "uv": [ 0, 8, 16, 16 ], "texture": "#bushy", "cullface": "east", "rotation": 270, "tintindex": -1 },
				"south": { "uv": [ 0, 11, 16, 16 ], "texture": "#bushy", "cullface": "east", "rotation": 90, "tintindex": -1 }
			}
		}
	]
}