{
	"credit": "Made with Blockbench",
	"ambientocclusion": false,
	"textures": {
		"1": "block/lily_pad_roots",
		"2": "block/lily_pad_flower",
		"particle": "block/large_lily_pad",
		"texture": "block/large_lily_pad"
	},
	"elements": [
		{
			"from": [-8, 0.25, -8],
			"to": [24, 0.25, 24],
			"faces": {
				"up": {"uv": [16, 0, 0, 16], "texture": "#texture", "tintindex": 0},
				"down": {"uv": [16, 16, 0, 0], "texture": "#texture", "tintindex": 0}
			}
		},
		{
			"from": [-2.75, -16, 3.75],
			"to": [-2.75, 0, 19.75],
			"rotation": {"angle": 45, "axis": "y", "origin": [0, 0, 0]},
			"faces": {
				"east": {"uv": [16, 0, 0, 16], "texture": "#1", "tintindex": 0},
				"west": {"uv": [16, 0, 0, 16], "texture": "#1", "tintindex": 0}
			}
		},
		{
			"from": [0.25, 0, 3.75],
			"to": [0.25, 16, 19.75],
			"rotation": {"angle": 45, "axis": "y", "origin": [0, 0, 0]},
			"faces": {
				"north": {"uv": [16, 0, 0, 16], "texture": "#2", "tintindex": 0},
				"east": {"uv": [16, 0, 0, 16], "texture": "#2"},
				"south": {"uv": [16, 0, 0, 16], "texture": "#2", "tintindex": 0},
				"west": {"uv": [16, 0, 0, 16], "texture": "#2"},
				"up": {"uv": [16, 0, 0, 16], "texture": "#2", "tintindex": 0},
				"down": {"uv": [16, 0, 0, 16], "texture": "#2", "tintindex": 0}
			}
		},
		{
			"from": [-11, -16, 11.5],
			"to": [5, 0, 11.5],
			"rotation": {"angle": 45, "axis": "y", "origin": [0, 0, 0]},
			"faces": {
				"north": {"uv": [16, 0, 0, 16], "texture": "#1", "tintindex": 0},
				"south": {"uv": [16, 0, 0, 16], "texture": "#1", "tintindex": 0}
			}
		},
		{
			"from": [-8, 0, 11.5],
			"to": [8, 16, 11.5],
			"rotation": {"angle": 45, "axis": "y", "origin": [0, 0, 0]},
			"faces": {
				"north": {"uv": [16, 0, 0, 16], "texture": "#2"},
				"east": {"uv": [16, 0, 0, 16], "texture": "#2", "tintindex": 0},
				"south": {"uv": [16, 0, 0, 16], "texture": "#2"},
				"west": {"uv": [16, 0, 0, 16], "texture": "#2", "tintindex": 0},
				"up": {"uv": [16, 0, 0, 16], "texture": "#2", "tintindex": 0},
				"down": {"uv": [16, 0, 0, 16], "texture": "#2", "tintindex": 0}
			}
		}
	]
}