{
	"__comment": "Designed by JermsyBoy with Cubik Studio - https://cubik.studio",
	"ambientocclusion": false,
	"textures": {
		"particle": "block/lily_pad",
		"texture": "block/lily_pad",
		"cross": "block/lily_pad_flower"
	},
	"elements": [ 	 
		{
			"__comment": "Element",
			"from": [ 0, 0.25, 0 ],
			"to": [ 16, 0.251, 16 ],
			"faces": {
				"down": { "uv": [ 16, 16, 0, 0 ], "texture": "#texture", "tintindex": 0 },
				"up": { "uv": [ 16, 0, 0, 16 ], "texture": "#texture", "tintindex": 0 }
			}
		},
		{
			"__comment": "Element",
			"from": [ 0.8, 0.25, 8 ],
			"to": [ 15.2, 16.25, 8.001 ],
			"rotation": { "origin": [ 8, 8.25, 8 ], "axis": "y", "angle": 45, "rescale": true },
			"shade": false,
			"faces": {
				"north": { "uv": [ 0, 0, 16, 16 ], "texture": "#cross" },
				"south": { "uv": [ 0, 0, 16, 16 ], "texture": "#cross" }
			}
		},
		{
			"__comment": "Element",
			"from": [ 8, 0.25, 0.8 ],
			"to": [ 8.001, 16.25, 15.2 ],
			"rotation": { "origin": [ 8, 8.25, 8 ], "axis": "y", "angle": 45, "rescale": true },
			"shade": false,
			"faces": {
				"west": { "uv": [ 0, 0, 16, 16 ], "texture": "#cross" },
				"east": { "uv": [ 0, 0, 16, 16 ], "texture": "#cross" }
			}
		}
	]
}