{
	"credit": "Made with Blockbench",
	"texture_size": [8, 8],
	"textures": {
		"0": "block/pipe/pipe_inside",
		"1": "block/pipe/pipe_tube",
		"particle": "block/pipe/pipe_inside"
	},
	"elements": [
		{
			"from": [5, 5, 0],
			"to": [11, 11, 16],
			"rotation": {"angle": 0, "axis": "y", "origin": [8, 4, 8]},
			"faces": {
				"north": {"uv": [0, 0, 16, 16], "texture": "#0"},
				"east": {"uv": [0, 4, 16, 12], "texture": "#1"},
				"south": {"uv": [0, 0, 16, 16], "texture": "#0"},
				"west": {"uv": [0, 4, 16, 12], "texture": "#1"},
				"up": {"uv": [0, 4, 16, 12], "rotation": 270, "texture": "#1"},
				"down": {"uv": [0, 4, 16, 12], "rotation": 90, "texture": "#1"}
			}
		}
	]
}