{
	"credit": "Made with Blockbench",
	"parent": "block/template_piston_head",
	"textures": {
		"5": "block/piston_head",
		"6": "block/piston_side",
		"7": "block/piston_support",
		"8": "block/piston_top",
		"10": "block/gear"
	},
	"elements": [
		{
			"from": [0, 0, 0],
			"to": [16, 16, 4],
			"faces": {
				"north": {"uv": [0, 0, 16, 16], "rotation": 180, "texture": "#8"},
				"east": {"uv": [0, 0, 16, 4], "rotation": 90, "texture": "#6"},
				"south": {"uv": [0, 0, 16, 16], "texture": "#8"},
				"west": {"uv": [0, 0, 16, 4], "rotation": 270, "texture": "#6"},
				"up": {"uv": [0, 0, 16, 4], "texture": "#6"},
				"down": {"uv": [0, 0, 16, 4], "rotation": 180, "texture": "#6"}
			}
		},
		{
			"from": [5, 5, 11],
			"to": [11, 11, 21],
			"faces": {
				"north": {"uv": [0, 10, 6, 16], "rotation": 90, "texture": "#5"},
				"east": {"uv": [6, 0, 12, 10], "rotation": 90, "texture": "#5"},
				"south": {"uv": [0, 10, 6, 16], "rotation": 90, "texture": "#5"},
				"west": {"uv": [0, 0, 6, 10], "rotation": 270, "texture": "#5"},
				"up": {"uv": [0, 0, 6, 10], "texture": "#5"},
				"down": {"uv": [0, 0, 6, 10], "rotation": 180, "texture": "#5"}
			}
		},
		{
			"from": [6, 6, 2],
			"to": [10, 10, 18],
			"faces": {
				"north": {"uv": [12, 12, 16, 16], "rotation": 180, "texture": "#5"},
				"east": {"uv": [12, 0, 16, 16], "rotation": 90, "texture": "#5"},
				"south": {"uv": [12, 0, 16, 4], "texture": "#5"},
				"west": {"uv": [12, 0, 16, 16], "rotation": 270, "texture": "#5"},
				"up": {"uv": [12, 0, 16, 16], "texture": "#5"},
				"down": {"uv": [12, 0, 16, 16], "rotation": 180, "texture": "#5"}
			}
		},
		{
			"from": [7, 13, 3],
			"to": [9, 15, 14],
			"rotation": {"angle": 22.5, "axis": "x", "origin": [9, 13, 3]},
			"faces": {
				"north": {"uv": [0, 0, 2, 2], "rotation": 90, "texture": "#7"},
				"east": {"uv": [0, 0, 2, 11], "rotation": 270, "texture": "#7"},
				"south": {"uv": [0, 0, 2, 2], "rotation": 270, "texture": "#7"},
				"west": {"uv": [0, 0, 2, 11], "rotation": 270, "texture": "#7"},
				"up": {"uv": [0, 0, 11, 2], "rotation": 270, "texture": "#7"},
				"down": {"uv": [0, 0, 11, 2], "rotation": 270, "texture": "#7"}
			}
		},
		{
			"from": [1, 7, 4],
			"to": [3, 9, 15],
			"rotation": {"angle": 22.5, "axis": "y", "origin": [1, 7, 4]},
			"faces": {
				"north": {"uv": [0, 0, 2, 2], "texture": "#7"},
				"east": {"uv": [0, 14, 11, 16], "texture": "#7"},
				"south": {"uv": [0, 0, 2, 2], "texture": "#7"},
				"west": {"uv": [0, 0, 11, 2], "texture": "#7"},
				"up": {"uv": [0, 0, 2, 11], "texture": "#7"},
				"down": {"uv": [0, 0, 2, 11], "texture": "#7"}
			}
		},
		{
			"from": [7, 1, 4],
			"to": [9, 3, 15],
			"rotation": {"angle": -22.5, "axis": "x", "origin": [9, 1, 4]},
			"faces": {
				"north": {"uv": [0, 0, 2, 2], "rotation": 90, "texture": "#7"},
				"east": {"uv": [0, 0, 2, 11], "rotation": 270, "texture": "#7"},
				"south": {"uv": [0, 0, 2, 2], "rotation": 270, "texture": "#7"},
				"west": {"uv": [0, 0, 2, 11], "rotation": 270, "texture": "#7"},
				"up": {"uv": [5, 14, 16, 16], "rotation": 270, "texture": "#7"},
				"down": {"uv": [0, 0, 11, 2], "rotation": 270, "texture": "#7"}
			}
		},
		{
			"from": [13, 7, 3],
			"to": [15, 9, 14],
			"rotation": {"angle": -22.5, "axis": "y", "origin": [13, 7, 3]},
			"faces": {
				"north": {"uv": [0, 0, 2, 2], "texture": "#7"},
				"east": {"uv": [0, 0, 11, 2], "texture": "#7"},
				"south": {"uv": [0, 0, 2, 2], "texture": "#7"},
				"west": {"uv": [0, 0, 11, 2], "texture": "#7"},
				"up": {"uv": [0, 0, 2, 11], "texture": "#7"},
				"down": {"uv": [0, 0, 2, 11], "texture": "#7"}
			}
		},
		{
			"from": [2, 9, 7],
			"to": [3, 16, 14],
			"rotation": {"angle": 22.5, "axis": "x", "origin": [0, 0, 0]},
			"faces": {
				"north": {"uv": [11.42857, 0, 13.71429, 16], "texture": "#10"},
				"east": {"uv": [0, 0, 16, 16], "texture": "#10"},
				"south": {"uv": [2.28571, 0, 4.57143, 16], "texture": "#10"},
				"west": {"uv": [0, 0, 16, 16], "texture": "#10"},
				"up": {"uv": [0, 0, 2.28571, 16], "texture": "#10"},
				"down": {"uv": [13.71429, 0, 16, 16], "texture": "#10"}
			}
		},
		{
			"from": [1, 7, 14],
			"to": [12, 8, 15],
			"faces": {
				"north": {"uv": [0, 0, 11, 1], "texture": "#7"},
				"east": {"uv": [0, 0, 1, 1], "texture": "#7"},
				"south": {"uv": [0, 15, 11, 16], "texture": "#7"},
				"west": {"uv": [0, 0, 1, 1], "texture": "#7"},
				"up": {"uv": [5, 0, 16, 1], "texture": "#7"},
				"down": {"uv": [5, 15, 16, 16], "texture": "#7"}
			}
		}
	],
	"groups": [0, 1, 2,
		{
			"name": "group",
			"origin": [4, 7, 11],
			"color": 0,
			"children": [3, 4, 5, 6]
		}, 7, 8]
}