{
	"credit": "Made by Trident",
	"textures": {
		"3": "block/smooth_stone",
		"4": "block/skyroot_plank",
		"particle": "block/skyroot_plank"
	},
	"elements": [
		{
			"from": [1.05714, 0, 0.22857],
			"to": [3.05714, 4, 16.22857],
			"rotation": {"angle": 0, "axis": "y", "origin": [8.14286, 1.78571, 8.08571]},
			"faces": {
				"north": {"uv": [0, 0, 16, 6], "texture": "#4"},
				"east": {"uv": [0, 0, 16, 7], "texture": "#4"},
				"south": {"uv": [0, 0, 16, 7], "texture": "#4"},
				"west": {"uv": [0, 0, 16, 7], "texture": "#4"},
				"up": {"uv": [0, 0, 16, 6], "rotation": 270, "texture": "#4"},
				"down": {"uv": [0, 0, 16, 7], "rotation": 90, "texture": "#4"}
			}
		},
		{
			"from": [0.05714, 0, 3.22857],
			"to": [16.05714, 3, 5.22857],
			"rotation": {"angle": 0, "axis": "y", "origin": [8.14286, 1.78571, 8.08571]},
			"faces": {
				"north": {"uv": [0, 0, 16, 6], "texture": "#4"},
				"east": {"uv": [0, 0, 16, 7], "texture": "#4"},
				"south": {"uv": [0, 0, 16, 7], "texture": "#4"},
				"west": {"uv": [0, 0, 16, 7], "texture": "#4"},
				"up": {"uv": [0, 0, 16, 6], "texture": "#4"},
				"down": {"uv": [0, 0, 16, 7], "texture": "#4"}
			}
		},
		{
			"from": [0.05714, 0, 11.22857],
			"to": [16.05714, 3, 13.22857],
			"rotation": {"angle": 0, "axis": "y", "origin": [8.14286, 1.78571, 8.08571]},
			"faces": {
				"north": {"uv": [0, 0, 16, 6], "texture": "#4"},
				"east": {"uv": [0, 0, 16, 7], "texture": "#4"},
				"south": {"uv": [0, 0, 16, 7], "texture": "#4"},
				"west": {"uv": [0, 0, 16, 7], "texture": "#4"},
				"up": {"uv": [0, 0, 16, 6], "texture": "#4"},
				"down": {"uv": [0, 0, 16, 7], "texture": "#4"}
			}
		},
		{
			"from": [5.05714, 0, 0.22857],
			"to": [7.05714, 4, 16.22857],
			"rotation": {"angle": 0, "axis": "y", "origin": [8.14286, 1.78571, 8.08571]},
			"faces": {
				"north": {"uv": [0, 0, 16, 6], "texture": "#4"},
				"east": {"uv": [0, 0, 16, 7], "texture": "#4"},
				"south": {"uv": [0, 0, 16, 7], "texture": "#4"},
				"west": {"uv": [0, 0, 16, 7], "texture": "#4"},
				"up": {"uv": [0, 0, 16, 6], "rotation": 270, "texture": "#4"},
				"down": {"uv": [0, 0, 16, 7], "rotation": 90, "texture": "#4"}
			}
		},
		{
			"from": [4.95714, -1, 0.72857],
			"to": [7.45714, 4.5, 2.22857],
			"rotation": {"angle": 0, "axis": "y", "origin": [8.14286, 1.78571, 8.08571]},
			"faces": {
				"north": {"uv": [0, 0, 16, 6], "texture": "#3"},
				"east": {"uv": [0, 0, 16, 7], "texture": "#3"},
				"south": {"uv": [0, 0, 16, 7], "texture": "#3"},
				"west": {"uv": [0, 0, 16, 7], "texture": "#3"},
				"up": {"uv": [0, 0, 16, 6], "rotation": 270, "texture": "#3"},
				"down": {"uv": [0, 0, 16, 7], "rotation": 90, "texture": "#3"}
			}
		},
		{
			"from": [8.95714, -1, 0.72857],
			"to": [11.45714, 4.5, 2.22857],
			"rotation": {"angle": 0, "axis": "y", "origin": [8.14286, 1.78571, 8.08571]},
			"faces": {
				"north": {"uv": [0, 0, 16, 6], "texture": "#3"},
				"east": {"uv": [0, 0, 16, 7], "texture": "#3"},
				"south": {"uv": [0, 0, 16, 7], "texture": "#3"},
				"west": {"uv": [0, 0, 16, 7], "texture": "#3"},
				"up": {"uv": [0, 0, 16, 6], "rotation": 270, "texture": "#3"},
				"down": {"uv": [0, 0, 16, 7], "rotation": 90, "texture": "#3"}
			}
		},
		{
			"from": [12.95714, -1, 0.72857],
			"to": [15.45714, 4.5, 2.22857],
			"rotation": {"angle": 0, "axis": "y", "origin": [8.14286, 1.78571, 8.08571]},
			"faces": {
				"north": {"uv": [0, 0, 16, 6], "texture": "#3"},
				"east": {"uv": [0, 0, 16, 7], "texture": "#3"},
				"south": {"uv": [0, 0, 16, 7], "texture": "#3"},
				"west": {"uv": [0, 0, 16, 7], "texture": "#3"},
				"up": {"uv": [0, 0, 16, 6], "rotation": 270, "texture": "#3"},
				"down": {"uv": [0, 0, 16, 7], "rotation": 90, "texture": "#3"}
			}
		},
		{
			"from": [0.95714, -1, 0.72857],
			"to": [3.45714, 4.5, 2.22857],
			"rotation": {"angle": 0, "axis": "y", "origin": [8.14286, 1.78571, 8.08571]},
			"faces": {
				"north": {"uv": [0, 0, 16, 6], "texture": "#3"},
				"east": {"uv": [0, 0, 16, 7], "texture": "#3"},
				"south": {"uv": [0, 0, 16, 7], "texture": "#3"},
				"west": {"uv": [0, 0, 16, 7], "texture": "#3"},
				"up": {"uv": [0, 0, 16, 6], "rotation": 270, "texture": "#3"},
				"down": {"uv": [0, 0, 16, 7], "rotation": 90, "texture": "#3"}
			}
		},
		{
			"from": [0.95714, -1, 13.72857],
			"to": [3.45714, 4.5, 15.22857],
			"rotation": {"angle": 0, "axis": "y", "origin": [8.14286, 1.78571, 8.08571]},
			"faces": {
				"north": {"uv": [0, 0, 16, 6], "texture": "#3"},
				"east": {"uv": [0, 0, 16, 7], "texture": "#3"},
				"south": {"uv": [0, 0, 16, 7], "texture": "#3"},
				"west": {"uv": [0, 0, 16, 7], "texture": "#3"},
				"up": {"uv": [0, 0, 16, 6], "rotation": 270, "texture": "#3"},
				"down": {"uv": [0, 0, 16, 7], "rotation": 90, "texture": "#3"}
			}
		},
		{
			"from": [4.95714, -1, 13.72857],
			"to": [7.45714, 4.5, 15.22857],
			"rotation": {"angle": 0, "axis": "y", "origin": [8.14286, 1.78571, 8.08571]},
			"faces": {
				"north": {"uv": [0, 0, 16, 6], "texture": "#3"},
				"east": {"uv": [0, 0, 16, 7], "texture": "#3"},
				"south": {"uv": [0, 0, 16, 7], "texture": "#3"},
				"west": {"uv": [0, 0, 16, 7], "texture": "#3"},
				"up": {"uv": [0, 0, 16, 6], "rotation": 270, "texture": "#3"},
				"down": {"uv": [0, 0, 16, 7], "rotation": 90, "texture": "#3"}
			}
		},
		{
			"from": [8.95714, -1, 13.72857],
			"to": [11.45714, 4.5, 15.22857],
			"rotation": {"angle": 0, "axis": "y", "origin": [8.14286, 1.78571, 8.08571]},
			"faces": {
				"north": {"uv": [0, 0, 16, 6], "texture": "#3"},
				"east": {"uv": [0, 0, 16, 7], "texture": "#3"},
				"south": {"uv": [0, 0, 16, 7], "texture": "#3"},
				"west": {"uv": [0, 0, 16, 7], "texture": "#3"},
				"up": {"uv": [0, 0, 16, 6], "rotation": 270, "texture": "#3"},
				"down": {"uv": [0, 0, 16, 7], "rotation": 90, "texture": "#3"}
			}
		},
		{
			"from": [12.95714, -1, 13.72857],
			"to": [15.45714, 4.5, 15.22857],
			"rotation": {"angle": 0, "axis": "y", "origin": [8.14286, 1.78571, 8.08571]},
			"faces": {
				"north": {"uv": [0, 0, 16, 6], "texture": "#3"},
				"east": {"uv": [0, 0, 16, 7], "texture": "#3"},
				"south": {"uv": [0, 0, 16, 7], "texture": "#3"},
				"west": {"uv": [0, 0, 16, 7], "texture": "#3"},
				"up": {"uv": [0, 0, 16, 6], "rotation": 270, "texture": "#3"},
				"down": {"uv": [0, 0, 16, 7], "rotation": 90, "texture": "#3"}
			}
		},
		{
			"from": [9.05714, 0, 0.22857],
			"to": [11.05714, 4, 16.22857],
			"rotation": {"angle": 0, "axis": "y", "origin": [8.14286, 1.78571, 8.08571]},
			"faces": {
				"north": {"uv": [0, 0, 16, 6], "texture": "#4"},
				"east": {"uv": [0, 0, 16, 7], "texture": "#4"},
				"south": {"uv": [0, 0, 16, 7], "texture": "#4"},
				"west": {"uv": [0, 0, 16, 7], "texture": "#4"},
				"up": {"uv": [0, 0, 16, 6], "rotation": 270, "texture": "#4"},
				"down": {"uv": [0, 0, 16, 7], "rotation": 90, "texture": "#4"}
			}
		},
		{
			"from": [13.05714, 0, 0.22857],
			"to": [15.05714, 4, 16.22857],
			"rotation": {"angle": 0, "axis": "y", "origin": [8.14286, 1.78571, 8.08571]},
			"faces": {
				"north": {"uv": [0, 0, 16, 6], "texture": "#4"},
				"east": {"uv": [0, 0, 16, 7], "texture": "#4"},
				"south": {"uv": [0, 0, 16, 7], "texture": "#4"},
				"west": {"uv": [0, 0, 16, 7], "texture": "#4"},
				"up": {"uv": [0, 0, 16, 6], "rotation": 270, "texture": "#4"},
				"down": {"uv": [0, 0, 16, 7], "rotation": 90, "texture": "#4"}
			}
		}
	],
	"gui_light": "front",
	"display": {
		"thirdperson_righthand": {
			"rotation": [55, 1, 0],
			"translation": [0, 4, 1.25],
			"scale": [0.5, 0.5, 0.5]
		},
		"thirdperson_lefthand": {
			"translation": [0, 2.5, 0],
			"scale": [0.2, 0.2, 0.2]
		},
		"firstperson_righthand": {
			"rotation": [90, 1, 0],
			"translation": [4.75, 2, 5]
		},
		"ground": {
			"translation": [0, 6.5, 0]
		},
		"gui": {
			"rotation": [88, 0, 0]
		},
		"head": {
			"translation": [0, 13.75, 0]
		},
		"fixed": {
			"rotation": [89, 1, 0],
			"translation": [0, 0, 6.5]
		}
	}
}