{
	"credit": "Made with Blockbench",
	"ambientocclusion": false,
	"textures": {
		"particle": "block/big_tall_grass",
		"cross": "block/big_tall_grass"
	},
	"elements": [
		{
			"from": [8, -4, -2.2],
			"to": [8, 28, 18.8],
			"shade": false,
			"rotation": {"angle": 0, "axis": "y", "origin": [7, 4, 8], "rescale": true},
			"faces": {
				"east": {"uv": [0, 0, 16, 16], "texture": "#cross", "tintindex": 0},
				"west": {"uv": [0, 0, 16, 16], "texture": "#cross", "tintindex": 0}
			}
		},
		{
			"from": [7.5, -4, -2.95],
			"to": [7.5, 28, 18.05],
			"shade": false,
			"rotation": {"angle": -45, "axis": "y", "origin": [7, 4, 8], "rescale": true},
			"faces": {
				"east": {"uv": [0, 0, 16, 16], "texture": "#cross", "tintindex": 0},
				"west": {"uv": [0, 0, 15.5, 16], "texture": "#cross", "tintindex": 0}
			}
		},
		{
			"from": [-2.05, -4, 7.75],
			"to": [18.95, 28, 7.75],
			"shade": false,
			"rotation": {"angle": 0, "axis": "y", "origin": [7, 4, 8], "rescale": true},
			"faces": {
				"north": {"uv": [0, 0, 15.5, 16], "texture": "#cross", "tintindex": 0},
				"south": {"uv": [0, 0, 16, 16], "texture": "#cross", "tintindex": 0}
			}
		},
		{
			"from": [8, -4, -2.2],
			"to": [8, 28, 18.8],
			"shade": false,
			"rotation": {"angle": 45, "axis": "y", "origin": [7, 4, 8], "rescale": true},
			"faces": {
				"east": {"uv": [0, 0, 16, 16], "texture": "#cross", "tintindex": 0},
				"west": {"uv": [0, 0, 16, 16], "texture": "#cross", "tintindex": 0}
			}
		}
	]
}