{
	"credit": "Made with Blockbench",
	"textures": {
		"0": "entity/insects/firefly",
		"particle": "entity/insects/firefly"
	},
	"elements": [
		{
			"from": [0, 0, 0],
			"to": [2, 2, 3],
			"faces": {
				"north": {"uv": [0, 0, 2, 3], "texture": "#0"},
				"east": {"uv": [0, 0, 2, 3], "texture": "#0"},
				"south": {"uv": [0, 0, 2, 3], "texture": "#0"},
				"west": {"uv": [0, 0, 2, 3], "texture": "#0"},
				"up": {"uv": [0, 0, 2, 3], "texture": "#0"},
				"down": {"uv": [0, 0, 2, 3], "texture": "#0"}
			}
		}
	],
	"display": {
		"head": {
			"translation": [3.5, -33.5, 3.75],
			"scale": [0.49, 0.53, 0.9]
		}
	}
}