{"textures":{"0":"minecraft:entity/illager/enchanter"},"elements":[{"name":"cube","from":[5.6,4.3999996,6.8],"to":[10.4,6.8,9.2],"rotation":{"angle":0.0,"axis":"x","origin":[8.0,-0.8902745,17.64812]},"faces":{"down":{"uv":[15.0,7.5,13.0,8.5],"rotation":0,"texture":"#0","tintindex":0},"east":{"uv":[10.0,8.5,11.0,9.5],"rotation":0,"texture":"#0","tintindex":0},"north":{"uv":[11.0,8.5,13.0,9.5],"rotation":0,"texture":"#0","tintindex":0},"south":{"uv":[14.0,8.5,16.0,9.5],"rotation":0,"texture":"#0","tintindex":0},"up":{"uv":[13.0,8.5,11.0,7.5],"rotation":0,"texture":"#0","tintindex":0},"west":{"uv":[13.0,8.5,14.0,9.5],"rotation":0,"texture":"#0","tintindex":0}}},{"name":"cube","from":[10.4,4.3999996,6.8],"to":[12.8,9.2,9.2],"rotation":{"angle":0.0,"axis":"x","origin":[8.0,-0.8902745,17.64812]},"faces":{"down":{"uv":[14.0,5.5,13.0,6.5],"rotation":0,"texture":"#0","tintindex":0},"east":{"uv":[11.0,5.5,12.0,7.5],"rotation":0,"texture":"#0","tintindex":0},"north":{"uv":[12.0,5.5,13.0,7.5],"rotation":0,"texture":"#0","tintindex":0},"south":{"uv":[14.0,5.5,15.0,7.5],"rotation":0,"texture":"#0","tintindex":0},"up":{"uv":[13.0,5.5,12.0,4.5],"rotation":0,"texture":"#0","tintindex":0},"west":{"uv":[13.0,5.5,14.0,7.5],"rotation":0,"texture":"#0","tintindex":0}}},{"name":"cube","from":[3.1999998,4.3999996,6.8],"to":[5.6,9.2,9.2],"rotation":{"angle":0.0,"axis":"x","origin":[8.0,-0.8902745,17.64812]},"faces":{"down":{"uv":[13.0,5.5,14.0,6.5],"rotation":0,"texture":"#0","tintindex":0},"east":{"uv":[14.0,5.5,13.0,7.5],"rotation":0,"texture":"#0","tintindex":0},"north":{"uv":[13.0,5.5,12.0,7.5],"rotation":0,"texture":"#0","tintindex":0},"south":{"uv":[15.0,5.5,14.0,7.5],"rotation":0,"texture":"#0","tintindex":0},"up":{"uv":[12.0,5.5,13.0,4.5],"rotation":0,"texture":"#0","tintindex":0},"west":{"uv":[12.0,5.5,11.0,7.5],"rotation":0,"texture":"#0","tintindex":0}}},{"name":"cube","from":[12.8,9.2,9.2],"to":[10.4,4.3999996,6.8],"rotation":{"angle":0.0,"axis":"x","origin":[8.0,-0.8902745,17.64812]},"faces":{"down":{"uv":[12.0,5.5,13.0,4.5],"rotation":0,"texture":"#0","tintindex":0},"east":{"uv":[13.0,7.5,14.0,5.5],"rotation":0,"texture":"#0","tintindex":0},"north":{"uv":[14.0,7.5,15.0,5.5],"rotation":0,"texture":"#0","tintindex":0},"south":{"uv":[12.0,7.5,13.0,5.5],"rotation":0,"texture":"#0","tintindex":0},"up":{"uv":[13.0,5.5,14.0,6.5],"rotation":0,"texture":"#0","tintindex":0},"west":{"uv":[11.0,7.5,12.0,5.5],"rotation":0,"texture":"#0","tintindex":0}}},{"name":"cube","from":[10.4,6.8,9.2],"to":[5.6,4.3999996,6.8],"rotation":{"angle":0.0,"axis":"x","origin":[8.0,-0.8902745,17.64812]},"faces":{"down":{"uv":[11.0,8.5,13.0,7.5],"rotation":0,"texture":"#0","tintindex":0},"east":{"uv":[13.0,9.5,14.0,8.5],"rotation":0,"texture":"#0","tintindex":0},"north":{"uv":[14.0,9.5,16.0,8.5],"rotation":0,"texture":"#0","tintindex":0},"south":{"uv":[11.0,9.5,13.0,8.5],"rotation":0,"texture":"#0","tintindex":0},"up":{"uv":[13.0,7.5,15.0,8.5],"rotation":0,"texture":"#0","tintindex":0},"west":{"uv":[10.0,9.5,11.0,8.5],"rotation":0,"texture":"#0","tintindex":0}}},{"name":"cube","from":[5.6,9.2,9.2],"to":[3.1999998,4.3999996,6.8],"rotation":{"angle":0.0,"axis":"x","origin":[8.0,-0.8902745,17.64812]},"faces":{"down":{"uv":[13.0,5.5,12.0,4.5],"rotation":0,"texture":"#0","tintindex":0},"east":{"uv":[12.0,7.5,11.0,5.5],"rotation":0,"texture":"#0","tintindex":0},"north":{"uv":[15.0,7.5,14.0,5.5],"rotation":0,"texture":"#0","tintindex":0},"south":{"uv":[13.0,7.5,12.0,5.5],"rotation":0,"texture":"#0","tintindex":0},"up":{"uv":[14.0,5.5,13.0,6.5],"rotation":0,"texture":"#0","tintindex":0},"west":{"uv":[14.0,7.5,13.0,5.5],"rotation":0,"texture":"#0","tintindex":0}}}],"display":{"head":{"translation":[0.0,-6.4,0.0],"rotation":[0.0,0.0,0.0],"scale":[3.8095,3.8095,3.8095]}}}