{"textures":{"0":"minecraft:entity/illager/enchanter"},"elements":[{"name":"cube","from":[5.6,0.7999997,6.2],"to":[10.4,8.0,9.8],"rotation":{"angle":0.0,"axis":"x","origin":[8.0,-6.4000006,8.0]},"faces":{"down":{"uv":[7.5,5.0,9.5,6.5],"rotation":0,"texture":"#0","tintindex":0},"east":{"uv":[9.0,6.5,7.5,9.5],"rotation":0,"texture":"#0","tintindex":0},"north":{"uv":[7.5,6.5,5.5,9.5],"rotation":0,"texture":"#0","tintindex":0},"south":{"uv":[11.0,6.5,9.0,9.5],"rotation":0,"texture":"#0","tintindex":0},"up":{"uv":[5.5,6.5,7.5,5.0],"rotation":0,"texture":"#0","tintindex":0},"west":{"uv":[5.5,6.5,4.0,9.5],"rotation":0,"texture":"#0","tintindex":0}}},{"name":"cube","from":[5.3,-3.1000004,5.8999996],"to":[10.700001,8.3,10.1],"rotation":{"angle":0.0,"axis":"x","origin":[8.0,-6.4000006,8.0]},"faces":{"down":{"uv":[0.0,0.0,0.0,0.0],"rotation":0,"texture":"#0","tintindex":0},"east":{"uv":[5.0,11.0,3.5,15.5],"rotation":0,"texture":"#0","tintindex":0},"north":{"uv":[3.5,11.0,1.5,15.5],"rotation":0,"texture":"#0","tintindex":0},"south":{"uv":[7.0,11.0,5.0,15.5],"rotation":0,"texture":"#0","tintindex":0},"up":{"uv":[0.0,0.0,0.0,0.0],"rotation":0,"texture":"#0","tintindex":0},"west":{"uv":[1.5,11.0,0.0,15.5],"rotation":0,"texture":"#0","tintindex":0}}},{"name":"cube","from":[10.4,8.0,9.8],"to":[5.6,0.7999997,6.2],"rotation":{"angle":0.0,"axis":"x","origin":[8.0,-6.4000006,8.0]},"faces":{"down":{"uv":[7.5,6.5,5.5,5.0],"rotation":0,"texture":"#0","tintindex":0},"east":{"uv":[5.5,9.5,4.0,6.5],"rotation":0,"texture":"#0","tintindex":0},"north":{"uv":[11.0,9.5,9.0,6.5],"rotation":0,"texture":"#0","tintindex":0},"south":{"uv":[7.5,9.5,5.5,6.5],"rotation":0,"texture":"#0","tintindex":0},"up":{"uv":[9.5,5.0,7.5,6.5],"rotation":0,"texture":"#0","tintindex":0},"west":{"uv":[9.0,9.5,7.5,6.5],"rotation":0,"texture":"#0","tintindex":0}}},{"name":"cube","from":[10.700001,8.3,10.1],"to":[5.3,-3.1000004,5.8999996],"rotation":{"angle":0.0,"axis":"x","origin":[8.0,-6.4000006,8.0]},"faces":{"down":{"uv":[0.0,0.0,0.0,0.0],"rotation":0,"texture":"#0","tintindex":0},"east":{"uv":[1.5,15.5,0.0,11.0],"rotation":0,"texture":"#0","tintindex":0},"north":{"uv":[7.0,15.5,5.0,11.0],"rotation":0,"texture":"#0","tintindex":0},"south":{"uv":[3.5,15.5,1.5,11.0],"rotation":0,"texture":"#0","tintindex":0},"up":{"uv":[0.0,0.0,0.0,0.0],"rotation":0,"texture":"#0","tintindex":0},"west":{"uv":[5.0,15.5,3.5,11.0],"rotation":0,"texture":"#0","tintindex":0}}}],"display":{"head":{"translation":[0.0,-6.4,0.0],"rotation":[0.0,0.0,0.0],"scale":[3.8095,3.8095,3.8095]}}}