{"textures":{"0":"minecraft:entity/illager/enchanter"},"elements":[{"name":"cube","from":[4.3999996,-5.8,8.15],"to":[11.6,8.0,8.75],"rotation":{"angle":0.0,"axis":"x","origin":[8.0,7.4,5.75]},"faces":{"down":{"uv":[0.0,0.0,0.0,0.0],"rotation":0,"texture":"#0","tintindex":0},"east":{"uv":[10.25,9.5,10.5,15.25],"rotation":0,"texture":"#0","tintindex":0},"north":{"uv":[0.0,0.0,0.0,0.0],"rotation":0,"texture":"#0","tintindex":0},"south":{"uv":[7.25,9.5,10.25,15.25],"rotation":0,"texture":"#0","tintindex":0},"up":{"uv":[7.25,9.5,10.25,9.75],"rotation":0,"texture":"#0","tintindex":0},"west":{"uv":[7.0,9.5,7.25,15.25],"rotation":0,"texture":"#0","tintindex":0}}},{"name":"cube","from":[11.6,8.0,8.75],"to":[4.3999996,-5.8,8.15],"rotation":{"angle":0.0,"axis":"x","origin":[8.0,7.4,5.75]},"faces":{"down":{"uv":[10.25,9.5,7.25,9.75],"rotation":0,"texture":"#0","tintindex":0},"east":{"uv":[7.0,15.25,7.25,9.5],"rotation":0,"texture":"#0","tintindex":0},"north":{"uv":[7.25,15.25,10.25,9.5],"rotation":0,"texture":"#0","tintindex":0},"south":{"uv":[0.0,0.0,0.0,0.0],"rotation":0,"texture":"#0","tintindex":0},"up":{"uv":[0.0,0.0,0.0,0.0],"rotation":0,"texture":"#0","tintindex":0},"west":{"uv":[10.25,15.25,10.5,9.5],"rotation":0,"texture":"#0","tintindex":0}}}],"display":{"head":{"translation":[0.0,-6.4,0.0],"rotation":[0.0,0.0,0.0],"scale":[3.8095,3.8095,3.8095]}}}