{"textures":{"0":"minecraft:entity/illager/enchanter"},"elements":[{"name":"cube","from":[5.6,8.0,5.6],"to":[10.4,14.0,10.4],"rotation":{"angle":0.0,"axis":"x","origin":[8.0,-6.4000006,8.0]},"faces":{"down":{"uv":[4.0,0.0,6.0,2.0],"rotation":0,"texture":"#0","tintindex":0},"east":{"uv":[6.0,2.0,4.0,4.5],"rotation":0,"texture":"#0","tintindex":0},"north":{"uv":[4.0,2.0,2.0,4.5],"rotation":0,"texture":"#0","tintindex":0},"south":{"uv":[8.0,2.0,6.0,4.5],"rotation":0,"texture":"#0","tintindex":0},"up":{"uv":[2.0,2.0,4.0,0.0],"rotation":0,"texture":"#0","tintindex":0},"west":{"uv":[2.0,2.0,0.0,4.5],"rotation":0,"texture":"#0","tintindex":0}}},{"name":"cube","from":[5.0,11.6,5.0],"to":[11.0,16.400002,11.0],"rotation":{"angle":0.0,"axis":"x","origin":[8.0,-6.4000006,8.0]},"faces":{"down":{"uv":[8.0,2.0,10.5,4.5],"rotation":0,"texture":"#0","tintindex":0},"east":{"uv":[10.5,0.0,8.0,2.0],"rotation":0,"texture":"#0","tintindex":0},"north":{"uv":[15.5,2.0,13.0,4.0],"rotation":0,"texture":"#0","tintindex":0},"south":{"uv":[13.0,0.0,10.5,2.0],"rotation":0,"texture":"#0","tintindex":0},"up":{"uv":[10.5,4.5,13.0,2.0],"rotation":0,"texture":"#0","tintindex":0},"west":{"uv":[15.5,0.0,13.0,2.0],"rotation":0,"texture":"#0","tintindex":0}}},{"name":"cube","from":[7.4,7.4,4.3999996],"to":[8.6,9.8,5.6],"rotation":{"angle":0.0,"axis":"x","origin":[8.0,-6.4000006,8.0]},"faces":{"down":{"uv":[7.0,0.0,7.5,0.5],"rotation":0,"texture":"#0","tintindex":0},"east":{"uv":[7.5,0.5,7.0,1.5],"rotation":0,"texture":"#0","tintindex":0},"north":{"uv":[7.0,0.5,6.5,1.5],"rotation":0,"texture":"#0","tintindex":0},"south":{"uv":[8.0,0.5,7.5,1.5],"rotation":0,"texture":"#0","tintindex":0},"up":{"uv":[6.5,0.5,7.0,0.0],"rotation":0,"texture":"#0","tintindex":0},"west":{"uv":[6.5,0.5,6.0,1.5],"rotation":0,"texture":"#0","tintindex":0}}},{"name":"cube","from":[10.4,14.0,10.4],"to":[5.6,8.0,5.6],"rotation":{"angle":0.0,"axis":"x","origin":[8.0,-6.4000006,8.0]},"faces":{"down":{"uv":[4.0,2.0,2.0,0.0],"rotation":0,"texture":"#0","tintindex":0},"east":{"uv":[2.0,4.5,0.0,2.0],"rotation":0,"texture":"#0","tintindex":0},"north":{"uv":[8.0,4.5,6.0,2.0],"rotation":0,"texture":"#0","tintindex":0},"south":{"uv":[4.0,4.5,2.0,2.0],"rotation":0,"texture":"#0","tintindex":0},"up":{"uv":[6.0,0.0,4.0,2.0],"rotation":0,"texture":"#0","tintindex":0},"west":{"uv":[6.0,4.5,4.0,2.0],"rotation":0,"texture":"#0","tintindex":0}}},{"name":"cube","from":[11.0,16.400002,11.0],"to":[5.0,11.6,5.0],"rotation":{"angle":0.0,"axis":"x","origin":[8.0,-6.4000006,8.0]},"faces":{"down":{"uv":[13.0,4.5,10.5,2.0],"rotation":0,"texture":"#0","tintindex":0},"east":{"uv":[15.5,2.0,13.0,0.0],"rotation":0,"texture":"#0","tintindex":0},"north":{"uv":[13.0,2.0,10.5,0.0],"rotation":0,"texture":"#0","tintindex":0},"south":{"uv":[15.5,4.0,13.0,2.0],"rotation":0,"texture":"#0","tintindex":0},"up":{"uv":[10.5,2.0,8.0,4.5],"rotation":0,"texture":"#0","tintindex":0},"west":{"uv":[10.5,2.0,8.0,0.0],"rotation":0,"texture":"#0","tintindex":0}}},{"name":"cube","from":[8.6,9.8,5.6],"to":[7.4,7.4,4.3999996],"rotation":{"angle":0.0,"axis":"x","origin":[8.0,-6.4000006,8.0]},"faces":{"down":{"uv":[7.0,0.5,6.5,0.0],"rotation":0,"texture":"#0","tintindex":0},"east":{"uv":[6.5,1.5,6.0,0.5],"rotation":0,"texture":"#0","tintindex":0},"north":{"uv":[8.0,1.5,7.5,0.5],"rotation":0,"texture":"#0","tintindex":0},"south":{"uv":[7.0,1.5,6.5,0.5],"rotation":0,"texture":"#0","tintindex":0},"up":{"uv":[7.5,0.0,7.0,0.5],"rotation":0,"texture":"#0","tintindex":0},"west":{"uv":[7.5,1.5,7.0,0.5],"rotation":0,"texture":"#0","tintindex":0}}}],"display":{"head":{"translation":[0.0,-6.4,0.0],"rotation":[0.0,0.0,0.0],"scale":[3.8095,3.8095,3.8095]}}}