{"textures":{"0":"minecraft:entity/illager/enchanter"},"elements":[{"name":"cube","from":[6.2,1.9999998,6.8],"to":[8.6,9.2,9.2],"rotation":{"angle":0.0,"axis":"y","origin":[7.4,5.6,8.0]},"faces":{"down":{"uv":[14.0,9.5,15.0,10.5],"rotation":0,"texture":"#0","tintindex":0},"east":{"uv":[15.0,10.5,14.0,13.5],"rotation":0,"texture":"#0","tintindex":0},"north":{"uv":[14.0,10.5,13.0,13.5],"rotation":0,"texture":"#0","tintindex":0},"south":{"uv":[16.0,10.5,15.0,13.5],"rotation":0,"texture":"#0","tintindex":0},"up":{"uv":[13.0,10.5,14.0,9.5],"rotation":0,"texture":"#0","tintindex":0},"west":{"uv":[13.0,10.5,12.0,13.5],"rotation":0,"texture":"#0","tintindex":0}}},{"name":"cube","from":[8.6,9.2,9.2],"to":[6.2,1.9999998,6.8],"rotation":{"angle":0.0,"axis":"y","origin":[7.4,5.6,8.0]},"faces":{"down":{"uv":[14.0,10.5,13.0,9.5],"rotation":0,"texture":"#0","tintindex":0},"east":{"uv":[13.0,13.5,12.0,10.5],"rotation":0,"texture":"#0","tintindex":0},"north":{"uv":[16.0,13.5,15.0,10.5],"rotation":0,"texture":"#0","tintindex":0},"south":{"uv":[14.0,13.5,13.0,10.5],"rotation":0,"texture":"#0","tintindex":0},"up":{"uv":[15.0,9.5,14.0,10.5],"rotation":0,"texture":"#0","tintindex":0},"west":{"uv":[15.0,13.5,14.0,10.5],"rotation":0,"texture":"#0","tintindex":0}}}],"display":{"head":{"translation":[0.0,-6.4,0.0],"rotation":[0.0,0.0,0.0],"scale":[3.8095,3.8095,3.8095]}}}