{"textures":{"0":"minecraft:entity/illager/enchanter"},"elements":[{"name":"cube","from":[6.8,0.7999997,6.8],"to":[9.2,8.0,9.2],"rotation":{"angle":0.0,"axis":"x","origin":[6.8,0.7999997,8.0]},"faces":{"down":{"uv":[3.0,5.5,2.0,6.5],"rotation":0,"texture":"#0","tintindex":0},"east":{"uv":[0.0,6.5,1.0,9.5],"rotation":0,"texture":"#0","tintindex":0},"north":{"uv":[1.0,6.5,2.0,9.5],"rotation":0,"texture":"#0","tintindex":0},"south":{"uv":[3.0,6.5,4.0,9.5],"rotation":0,"texture":"#0","tintindex":0},"up":{"uv":[2.0,6.5,1.0,5.5],"rotation":0,"texture":"#0","tintindex":0},"west":{"uv":[2.0,6.5,3.0,9.5],"rotation":0,"texture":"#0","tintindex":0}}},{"name":"cube","from":[9.2,8.0,9.2],"to":[6.8,0.7999997,6.8],"rotation":{"angle":0.0,"axis":"x","origin":[6.8,0.7999997,8.0]},"faces":{"down":{"uv":[1.0,6.5,2.0,5.5],"rotation":0,"texture":"#0","tintindex":0},"east":{"uv":[2.0,9.5,3.0,6.5],"rotation":0,"texture":"#0","tintindex":0},"north":{"uv":[3.0,9.5,4.0,6.5],"rotation":0,"texture":"#0","tintindex":0},"south":{"uv":[1.0,9.5,2.0,6.5],"rotation":0,"texture":"#0","tintindex":0},"up":{"uv":[2.0,5.5,3.0,6.5],"rotation":0,"texture":"#0","tintindex":0},"west":{"uv":[0.0,9.5,1.0,6.5],"rotation":0,"texture":"#0","tintindex":0}}}],"display":{"head":{"translation":[0.0,-6.4,0.0],"rotation":[0.0,0.0,0.0],"scale":[3.8095,3.8095,3.8095]}}}