{"textures":{"0":"minecraft:entity/clam/clam"},"elements":[{"name":"cube","from":[-1.6000004,6.2,-6.4000006],"to":[17.6,8.0,8.0],"rotation":{"angle":0.0,"axis":"x","origin":[8.0,6.2,2.6]},"faces":{"down":{"uv":[8.0,6.0,16.0,0.0],"rotation":0,"texture":"#0","tintindex":0},"east":{"uv":[0.0,13.0,6.0,13.75],"rotation":0,"texture":"#0","tintindex":0},"north":{"uv":[0.0,13.75,8.0,14.5],"rotation":0,"texture":"#0","tintindex":0},"south":{"uv":[0.0,15.25,8.0,16.0],"rotation":0,"texture":"#0","tintindex":0},"up":{"uv":[0.0,6.0,8.0,12.0],"rotation":0,"texture":"#0","tintindex":0},"west":{"uv":[6.0,13.0,0.0,13.75],"rotation":0,"texture":"#0","tintindex":0}}},{"name":"cube inverted","from":[17.6,8.0,8.0],"to":[-1.6000004,6.2,-6.4000006],"rotation":{"angle":0.0,"axis":"x","origin":[8.0,6.2,2.6]},"faces":{"down":{"uv":[8.0,6.0,0.0,12.0],"rotation":0,"texture":"#0","tintindex":0},"east":{"uv":[6.0,13.75,0.0,13.0],"rotation":0,"texture":"#0","tintindex":0},"north":{"uv":[0.0,16.0,8.0,15.25],"rotation":0,"texture":"#0","tintindex":0},"south":{"uv":[0.0,14.5,8.0,13.75],"rotation":0,"texture":"#0","tintindex":0},"up":{"uv":[16.0,6.0,8.0,0.0],"rotation":0,"texture":"#0","tintindex":0},"west":{"uv":[0.0,13.75,6.0,13.0],"rotation":0,"texture":"#0","tintindex":0}}}],"display":{"head":{"translation":[0.0,-6.4,0.0],"rotation":[0.0,0.0,0.0],"scale":[3.8095,3.8095,3.8095]}}}