{"textures":{"0":"minecraft:entity/clam/clam"},"elements":[{"name":"cube","from":[3.1999998,8.0,13.400001],"to":[12.8,11.6,17.0],"rotation":{"angle":0.0,"axis":"x","origin":[8.0,8.0,8.0]},"faces":{"down":{"uv":[10.0,6.0,14.0,7.5],"rotation":0,"texture":"#0","tintindex":0},"east":{"uv":[14.0,11.5,15.5,13.0],"rotation":0,"texture":"#0","tintindex":0},"north":{"uv":[0.0,0.0,0.0,0.0],"rotation":0,"texture":"#0","tintindex":0},"south":{"uv":[10.0,11.5,14.0,13.0],"rotation":0,"texture":"#0","tintindex":0},"up":{"uv":[10.0,6.0,14.0,7.5],"rotation":0,"texture":"#0","tintindex":0},"west":{"uv":[8.5,11.5,10.0,13.0],"rotation":0,"texture":"#0","tintindex":0}}},{"name":"cube inverted","from":[12.8,11.6,17.0],"to":[3.1999998,8.0,13.400001],"rotation":{"angle":0.0,"axis":"x","origin":[8.0,8.0,8.0]},"faces":{"down":{"uv":[14.0,6.0,10.0,7.5],"rotation":0,"texture":"#0","tintindex":0},"east":{"uv":[8.5,13.0,10.0,11.5],"rotation":0,"texture":"#0","tintindex":0},"north":{"uv":[10.0,13.0,14.0,11.5],"rotation":0,"texture":"#0","tintindex":0},"south":{"uv":[0.0,0.0,0.0,0.0],"rotation":0,"texture":"#0","tintindex":0},"up":{"uv":[14.0,6.0,10.0,7.5],"rotation":0,"texture":"#0","tintindex":0},"west":{"uv":[14.0,13.0,15.5,11.5],"rotation":0,"texture":"#0","tintindex":0}}}],"display":{"head":{"translation":[0.0,-6.4,0.0],"rotation":[0.0,0.0,0.0],"scale":[3.8095,3.8095,3.8095]}}}