{
	"credit": "Made with Blockbench",
	"texture_size": [32, 32],
	"textures": {
		"0": "entity/fantasy/candy/worm",
		"particle": "entity/fantasy/candy/worm"
	},
	"elements": [
		{
			"from": [5.5, 0, 14],
			"to": [10.5, 4, 20],
			"faces": {
				"north": {"uv": [0, 11, 2.5, 13], "texture": "#0"},
				"east": {"uv": [5.5, 8.5, 8.5, 10.5], "texture": "#0"},
				"south": {"uv": [11, 5, 13.5, 7], "texture": "#0"},
				"west": {"uv": [8.5, 8, 11.5, 10], "texture": "#0"},
				"up": {"uv": [8.5, 5.5, 6, 2.5], "texture": "#0"},
				"down": {"uv": [8.5, 5.5, 6, 8.5], "texture": "#0"}
			}
		},
		{
			"from": [5, 0, 2],
			"to": [11, 5, 14],
			"faces": {
				"north": {"uv": [0, 8.5, 3, 11], "texture": "#0"},
				"east": {"uv": [0, 6, 6, 8.5], "texture": "#0"},
				"south": {"uv": [8.5, 2.5, 11.5, 5], "texture": "#0"},
				"west": {"uv": [6, 0, 12, 2.5], "texture": "#0"},
				"up": {"uv": [3, 6, 0, 0], "texture": "#0"},
				"down": {"uv": [6, 0, 3, 6], "texture": "#0"}
			}
		},
		{
			"from": [5.5, 0, -4],
			"to": [10.5, 4, 2],
			"faces": {
				"north": {"uv": [2.5, 11.5, 5, 13.5], "texture": "#0"},
				"east": {"uv": [8.5, 10, 11.5, 12], "texture": "#0"},
				"south": {"uv": [11.5, 2.5, 14, 4.5], "texture": "#0"},
				"west": {"uv": [5.5, 10.5, 8.5, 12.5], "texture": "#0"},
				"up": {"uv": [5.5, 11.5, 3, 8.5], "texture": "#0"},
				"down": {"uv": [11, 5, 8.5, 8], "texture": "#0"}
			}
		}
	],
	"display": {
		"head": {
			"translation": [0, -29.25, 0],
			"scale": [2, 2, 2]
		}
	},
	"groups": [
		{
			"name": "popopopop",
			"origin": [0, 0, 0],
			"color": 0,
			"children": [0, 1, 2]
		}
	]
}