{"textures":{"0":"minecraft:entity/fantasy/gusher","1":"minecraft:entity/fantasy/gusher_leaves"},"elements":[{"name":"cube","from":[-0.7000003,-7.0445127,8.39892],"to":[5.8999996,13.355489,14.398921],"rotation":{"angle":0.0,"axis":"x","origin":[2.6,3.155488,11.398921]},"faces":{"down":{"uv":[5.25,8.0,10.75,16.0],"rotation":0,"texture":"#0","tintindex":0},"east":{"uv":[5.25,8.0,10.75,16.0],"rotation":0,"texture":"#0","tintindex":0},"north":{"uv":[5.25,8.0,10.75,16.0],"rotation":0,"texture":"#0","tintindex":0},"south":{"uv":[5.25,8.0,10.75,16.0],"rotation":0,"texture":"#0","tintindex":0},"up":{"uv":[5.25,8.0,10.75,16.0],"rotation":0,"texture":"#0","tintindex":0},"west":{"uv":[5.25,8.0,10.75,16.0],"rotation":0,"texture":"#0","tintindex":0}}},{"name":"cube","from":[-0.7000003,0.7554879,10.798921],"to":[0.49999976,11.555489,12.598921],"rotation":{"angle":0.0,"axis":"x","origin":[2.6,3.155488,11.398921]},"faces":{"down":{"uv":[5.25,8.0,10.75,16.0],"rotation":0,"texture":"#0","tintindex":0},"east":{"uv":[5.25,8.0,10.75,16.0],"rotation":0,"texture":"#0","tintindex":0},"north":{"uv":[5.25,8.0,10.75,16.0],"rotation":0,"texture":"#0","tintindex":0},"south":{"uv":[5.25,8.0,10.75,16.0],"rotation":0,"texture":"#0","tintindex":0},"up":{"uv":[6.5,11.25,9.25,13.75],"rotation":0,"texture":"#0","tintindex":0},"west":{"uv":[5.25,8.0,10.75,16.0],"rotation":0,"texture":"#0","tintindex":0}}},{"name":"cube","from":[0.49999976,7.955488,10.798921],"to":[13.7,9.155488,11.99892],"rotation":{"angle":0.0,"axis":"x","origin":[2.6,3.155488,11.398921]},"faces":{"down":{"uv":[5.25,8.0,10.75,16.0],"rotation":0,"texture":"#0","tintindex":0},"east":{"uv":[5.25,8.0,10.75,16.0],"rotation":0,"texture":"#0","tintindex":0},"north":{"uv":[5.25,8.0,10.75,16.0],"rotation":0,"texture":"#0","tintindex":0},"south":{"uv":[5.25,8.0,10.75,16.0],"rotation":0,"texture":"#0","tintindex":0},"up":{"uv":[6.5,11.25,9.25,13.75],"rotation":0,"texture":"#0","tintindex":0},"west":{"uv":[5.25,8.0,10.75,16.0],"rotation":0,"texture":"#0","tintindex":0}}},{"name":"cube","from":[0.49999976,9.755488,10.798921],"to":[4.7,10.955488,11.99892],"rotation":{"angle":0.0,"axis":"x","origin":[2.6,3.155488,11.398921]},"faces":{"down":{"uv":[5.25,8.0,10.75,16.0],"rotation":0,"texture":"#0","tintindex":0},"east":{"uv":[5.25,8.0,10.75,16.0],"rotation":0,"texture":"#0","tintindex":0},"north":{"uv":[5.25,8.0,10.75,16.0],"rotation":0,"texture":"#0","tintindex":0},"south":{"uv":[5.25,8.0,10.75,16.0],"rotation":0,"texture":"#0","tintindex":0},"up":{"uv":[6.5,11.25,9.25,13.75],"rotation":0,"texture":"#0","tintindex":0},"west":{"uv":[5.25,8.0,10.75,16.0],"rotation":0,"texture":"#0","tintindex":0}}},{"name":"cube","from":[-5.8,1.0554879,10.798921],"to":[-4.6000004,13.655488,12.598921],"rotation":{"angle":0.0,"axis":"x","origin":[-5.200001,0.45548797,11.69892]},"faces":{"down":{"uv":[5.25,8.0,10.75,16.0],"rotation":0,"texture":"#0","tintindex":0},"east":{"uv":[5.25,8.0,10.75,16.0],"rotation":0,"texture":"#0","tintindex":0},"north":{"uv":[5.25,8.0,10.75,16.0],"rotation":0,"texture":"#0","tintindex":0},"south":{"uv":[5.25,8.0,10.75,16.0],"rotation":0,"texture":"#0","tintindex":0},"up":{"uv":[0.0,0.0,2.75,2.5],"rotation":0,"texture":"#0","tintindex":0},"west":{"uv":[5.25,8.0,10.75,16.0],"rotation":0,"texture":"#0","tintindex":0}}},{"name":"cube","from":[-2.2000003,13.055489,5.3989205],"to":[-1.0000005,14.255488,12.598921],"rotation":{"angle":0.0,"axis":"x","origin":[5.6,7.3554883,11.69892]},"faces":{"down":{"uv":[5.25,8.0,10.75,16.0],"rotation":0,"texture":"#0","tintindex":0},"east":{"uv":[5.25,8.0,10.75,16.0],"rotation":0,"texture":"#0","tintindex":0},"north":{"uv":[5.25,8.0,10.75,16.0],"rotation":0,"texture":"#0","tintindex":0},"south":{"uv":[5.25,8.0,10.75,16.0],"rotation":0,"texture":"#0","tintindex":0},"up":{"uv":[5.25,8.0,10.75,16.0],"rotation":0,"texture":"#0","tintindex":0},"west":{"uv":[5.25,8.0,10.75,16.0],"rotation":0,"texture":"#0","tintindex":0}}},{"name":"cube","from":[-2.2000003,-8.544513,13.19892],"to":[-1.0000005,-2.5445123,14.398921],"rotation":{"angle":0.0,"axis":"y","origin":[-1.6000004,-4.3445125,14.99892]},"faces":{"down":{"uv":[5.25,8.0,10.75,16.0],"rotation":0,"texture":"#0","tintindex":0},"east":{"uv":[5.25,8.0,10.75,16.0],"rotation":0,"texture":"#0","tintindex":0},"north":{"uv":[5.25,8.0,10.75,16.0],"rotation":0,"texture":"#0","tintindex":0},"south":{"uv":[5.25,8.0,10.75,16.0],"rotation":0,"texture":"#0","tintindex":0},"up":{"uv":[5.25,8.0,10.75,16.0],"rotation":0,"texture":"#0","tintindex":0},"west":{"uv":[5.25,8.0,10.75,16.0],"rotation":0,"texture":"#0","tintindex":0}}},{"name":"cube","from":[0.19999981,10.055489,20.99892],"to":[1.3999997,11.255488,28.198921],"rotation":{"angle":0.0,"axis":"x","origin":[5.6,7.3554883,11.69892]},"faces":{"down":{"uv":[5.25,8.0,10.75,16.0],"rotation":0,"texture":"#0","tintindex":0},"east":{"uv":[5.25,8.0,10.75,16.0],"rotation":0,"texture":"#0","tintindex":0},"north":{"uv":[5.25,8.0,10.75,16.0],"rotation":0,"texture":"#0","tintindex":0},"south":{"uv":[5.25,8.0,10.75,16.0],"rotation":0,"texture":"#0","tintindex":0},"up":{"uv":[5.25,8.0,10.75,16.0],"rotation":0,"texture":"#0","tintindex":0},"west":{"uv":[5.25,8.0,10.75,16.0],"rotation":0,"texture":"#0","tintindex":0}}},{"name":"cube","from":[1.9999998,-10.344513,11.398921],"to":[3.2,-4.9445124,11.99892],"rotation":{"angle":0.0,"axis":"y","origin":[2.6,-5.5445127,11.99892]},"faces":{"down":{"uv":[5.25,8.0,10.75,16.0],"rotation":0,"texture":"#0","tintindex":0},"east":{"uv":[5.25,8.0,10.75,16.0],"rotation":0,"texture":"#0","tintindex":0},"north":{"uv":[5.25,8.0,10.75,16.0],"rotation":0,"texture":"#0","tintindex":0},"south":{"uv":[5.25,8.0,10.75,16.0],"rotation":0,"texture":"#0","tintindex":0},"up":{"uv":[5.25,8.0,10.75,16.0],"rotation":0,"texture":"#0","tintindex":0},"west":{"uv":[5.25,8.0,10.75,16.0],"rotation":0,"texture":"#0","tintindex":0}}},{"name":"cube","from":[0.7999997,-9.144512,7.1989207],"to":[1.9999998,-3.1445122,8.39892],"rotation":{"angle":0.0,"axis":"y","origin":[1.3999997,-5.5445127,7.7989206]},"faces":{"down":{"uv":[5.25,8.0,10.75,16.0],"rotation":0,"texture":"#0","tintindex":0},"east":{"uv":[5.25,8.0,10.75,16.0],"rotation":0,"texture":"#0","tintindex":0},"north":{"uv":[5.25,8.0,10.75,16.0],"rotation":0,"texture":"#0","tintindex":0},"south":{"uv":[5.25,8.0,10.75,16.0],"rotation":0,"texture":"#0","tintindex":0},"up":{"uv":[5.25,8.0,10.75,16.0],"rotation":0,"texture":"#0","tintindex":0},"west":{"uv":[5.25,8.0,10.75,16.0],"rotation":0,"texture":"#0","tintindex":0}}},{"name":"cube","from":[6.2,5.6,7.4],"to":[7.4,6.8,14.6],"rotation":{"angle":0.0,"axis":"x","origin":[18.2,8.0,9.2]},"faces":{"down":{"uv":[5.25,8.0,10.75,16.0],"rotation":0,"texture":"#0","tintindex":0},"east":{"uv":[5.25,8.0,10.75,16.0],"rotation":0,"texture":"#0","tintindex":0},"north":{"uv":[5.25,8.0,10.75,16.0],"rotation":0,"texture":"#0","tintindex":0},"south":{"uv":[5.25,8.0,10.75,16.0],"rotation":0,"texture":"#0","tintindex":0},"up":{"uv":[5.25,8.0,10.75,16.0],"rotation":0,"texture":"#0","tintindex":0},"west":{"uv":[5.25,8.0,10.75,16.0],"rotation":0,"texture":"#0","tintindex":0}}},{"name":"cube inverted","from":[5.8999996,13.355489,14.398921],"to":[-0.7000003,-7.0445127,8.39892],"rotation":{"angle":0.0,"axis":"x","origin":[2.6,3.155488,11.398921]},"faces":{"down":{"uv":[10.75,8.0,5.25,16.0],"rotation":0,"texture":"#0","tintindex":0},"east":{"uv":[5.25,16.0,10.75,8.0],"rotation":0,"texture":"#0","tintindex":0},"north":{"uv":[5.25,16.0,10.75,8.0],"rotation":0,"texture":"#0","tintindex":0},"south":{"uv":[5.25,16.0,10.75,8.0],"rotation":0,"texture":"#0","tintindex":0},"up":{"uv":[10.75,8.0,5.25,16.0],"rotation":0,"texture":"#0","tintindex":0},"west":{"uv":[5.25,16.0,10.75,8.0],"rotation":0,"texture":"#0","tintindex":0}}},{"name":"cube inverted","from":[0.49999976,11.555489,12.598921],"to":[-0.7000003,0.7554879,10.798921],"rotation":{"angle":0.0,"axis":"x","origin":[2.6,3.155488,11.398921]},"faces":{"down":{"uv":[9.25,11.25,6.5,13.75],"rotation":0,"texture":"#0","tintindex":0},"east":{"uv":[5.25,16.0,10.75,8.0],"rotation":0,"texture":"#0","tintindex":0},"north":{"uv":[5.25,16.0,10.75,8.0],"rotation":0,"texture":"#0","tintindex":0},"south":{"uv":[5.25,16.0,10.75,8.0],"rotation":0,"texture":"#0","tintindex":0},"up":{"uv":[10.75,8.0,5.25,16.0],"rotation":0,"texture":"#0","tintindex":0},"west":{"uv":[5.25,16.0,10.75,8.0],"rotation":0,"texture":"#0","tintindex":0}}},{"name":"cube inverted","from":[-4.6000004,13.655488,12.598921],"to":[-5.8,1.0554879,10.798921],"rotation":{"angle":0.0,"axis":"x","origin":[-5.200001,0.45548797,11.69892]},"faces":{"down":{"uv":[2.75,0.0,0.0,2.5],"rotation":0,"texture":"#0","tintindex":0},"east":{"uv":[5.25,16.0,10.75,8.0],"rotation":0,"texture":"#0","tintindex":0},"north":{"uv":[5.25,16.0,10.75,8.0],"rotation":0,"texture":"#0","tintindex":0},"south":{"uv":[5.25,16.0,10.75,8.0],"rotation":0,"texture":"#0","tintindex":0},"up":{"uv":[10.75,8.0,5.25,16.0],"rotation":0,"texture":"#0","tintindex":0},"west":{"uv":[5.25,16.0,10.75,8.0],"rotation":0,"texture":"#0","tintindex":0}}},{"name":"cube inverted","from":[-1.0000005,14.255488,12.598921],"to":[-2.2000003,13.055489,5.3989205],"rotation":{"angle":0.0,"axis":"x","origin":[5.6,7.3554883,11.69892]},"faces":{"down":{"uv":[10.75,8.0,5.25,16.0],"rotation":0,"texture":"#0","tintindex":0},"east":{"uv":[5.25,16.0,10.75,8.0],"rotation":0,"texture":"#0","tintindex":0},"north":{"uv":[5.25,16.0,10.75,8.0],"rotation":0,"texture":"#0","tintindex":0},"south":{"uv":[5.25,16.0,10.75,8.0],"rotation":0,"texture":"#0","tintindex":0},"up":{"uv":[10.75,8.0,5.25,16.0],"rotation":0,"texture":"#0","tintindex":0},"west":{"uv":[5.25,16.0,10.75,8.0],"rotation":0,"texture":"#0","tintindex":0}}},{"name":"cube inverted","from":[-1.0000005,-2.5445123,14.398921],"to":[-2.2000003,-8.544513,13.19892],"rotation":{"angle":0.0,"axis":"y","origin":[-1.6000004,-4.3445125,14.99892]},"faces":{"down":{"uv":[10.75,8.0,5.25,16.0],"rotation":0,"texture":"#0","tintindex":0},"east":{"uv":[5.25,16.0,10.75,8.0],"rotation":0,"texture":"#0","tintindex":0},"north":{"uv":[5.25,16.0,10.75,8.0],"rotation":0,"texture":"#0","tintindex":0},"south":{"uv":[5.25,16.0,10.75,8.0],"rotation":0,"texture":"#0","tintindex":0},"up":{"uv":[10.75,8.0,5.25,16.0],"rotation":0,"texture":"#0","tintindex":0},"west":{"uv":[5.25,16.0,10.75,8.0],"rotation":0,"texture":"#0","tintindex":0}}},{"name":"cube inverted","from":[1.3999997,11.255488,28.198921],"to":[0.19999981,10.055489,20.99892],"rotation":{"angle":0.0,"axis":"x","origin":[5.6,7.3554883,11.69892]},"faces":{"down":{"uv":[10.75,8.0,5.25,16.0],"rotation":0,"texture":"#0","tintindex":0},"east":{"uv":[5.25,16.0,10.75,8.0],"rotation":0,"texture":"#0","tintindex":0},"north":{"uv":[5.25,16.0,10.75,8.0],"rotation":0,"texture":"#0","tintindex":0},"south":{"uv":[5.25,16.0,10.75,8.0],"rotation":0,"texture":"#0","tintindex":0},"up":{"uv":[10.75,8.0,5.25,16.0],"rotation":0,"texture":"#0","tintindex":0},"west":{"uv":[5.25,16.0,10.75,8.0],"rotation":0,"texture":"#0","tintindex":0}}},{"name":"cube inverted","from":[3.2,-4.9445124,11.99892],"to":[1.9999998,-10.344513,11.398921],"rotation":{"angle":0.0,"axis":"y","origin":[2.6,-5.5445127,11.99892]},"faces":{"down":{"uv":[10.75,8.0,5.25,16.0],"rotation":0,"texture":"#0","tintindex":0},"east":{"uv":[5.25,16.0,10.75,8.0],"rotation":0,"texture":"#0","tintindex":0},"north":{"uv":[5.25,16.0,10.75,8.0],"rotation":0,"texture":"#0","tintindex":0},"south":{"uv":[5.25,16.0,10.75,8.0],"rotation":0,"texture":"#0","tintindex":0},"up":{"uv":[10.75,8.0,5.25,16.0],"rotation":0,"texture":"#0","tintindex":0},"west":{"uv":[5.25,16.0,10.75,8.0],"rotation":0,"texture":"#0","tintindex":0}}},{"name":"cube inverted","from":[1.9999998,-3.1445122,8.39892],"to":[0.7999997,-9.144512,7.1989207],"rotation":{"angle":0.0,"axis":"y","origin":[1.3999997,-5.5445127,7.7989206]},"faces":{"down":{"uv":[10.75,8.0,5.25,16.0],"rotation":0,"texture":"#0","tintindex":0},"east":{"uv":[5.25,16.0,10.75,8.0],"rotation":0,"texture":"#0","tintindex":0},"north":{"uv":[5.25,16.0,10.75,8.0],"rotation":0,"texture":"#0","tintindex":0},"south":{"uv":[5.25,16.0,10.75,8.0],"rotation":0,"texture":"#0","tintindex":0},"up":{"uv":[10.75,8.0,5.25,16.0],"rotation":0,"texture":"#0","tintindex":0},"west":{"uv":[5.25,16.0,10.75,8.0],"rotation":0,"texture":"#0","tintindex":0}}},{"name":"cube inverted","from":[7.4,6.8,14.6],"to":[6.2,5.6,7.4],"rotation":{"angle":0.0,"axis":"x","origin":[18.2,8.0,9.2]},"faces":{"down":{"uv":[10.75,8.0,5.25,16.0],"rotation":0,"texture":"#0","tintindex":0},"east":{"uv":[5.25,16.0,10.75,8.0],"rotation":0,"texture":"#0","tintindex":0},"north":{"uv":[5.25,16.0,10.75,8.0],"rotation":0,"texture":"#0","tintindex":0},"south":{"uv":[5.25,16.0,10.75,8.0],"rotation":0,"texture":"#0","tintindex":0},"up":{"uv":[10.75,8.0,5.25,16.0],"rotation":0,"texture":"#0","tintindex":0},"west":{"uv":[5.25,16.0,10.75,8.0],"rotation":0,"texture":"#0","tintindex":0}}},{"name":"cube inverted","from":[13.7,9.155488,11.99892],"to":[0.49999976,7.955488,10.798921],"rotation":{"angle":0.0,"axis":"x","origin":[2.6,3.155488,11.398921]},"faces":{"down":{"uv":[9.25,11.25,6.5,13.75],"rotation":0,"texture":"#0","tintindex":0},"east":{"uv":[5.25,16.0,10.75,8.0],"rotation":0,"texture":"#0","tintindex":0},"north":{"uv":[5.25,16.0,10.75,8.0],"rotation":0,"texture":"#0","tintindex":0},"south":{"uv":[5.25,16.0,10.75,8.0],"rotation":0,"texture":"#0","tintindex":0},"up":{"uv":[10.75,8.0,5.25,16.0],"rotation":0,"texture":"#0","tintindex":0},"west":{"uv":[5.25,16.0,10.75,8.0],"rotation":0,"texture":"#0","tintindex":0}}},{"name":"cube inverted","from":[4.7,10.955488,11.99892],"to":[0.49999976,9.755488,10.798921],"rotation":{"angle":0.0,"axis":"x","origin":[2.6,3.155488,11.398921]},"faces":{"down":{"uv":[9.25,11.25,6.5,13.75],"rotation":0,"texture":"#0","tintindex":0},"east":{"uv":[5.25,16.0,10.75,8.0],"rotation":0,"texture":"#0","tintindex":0},"north":{"uv":[5.25,16.0,10.75,8.0],"rotation":0,"texture":"#0","tintindex":0},"south":{"uv":[5.25,16.0,10.75,8.0],"rotation":0,"texture":"#0","tintindex":0},"up":{"uv":[10.75,8.0,5.25,16.0],"rotation":0,"texture":"#0","tintindex":0},"west":{"uv":[5.25,16.0,10.75,8.0],"rotation":0,"texture":"#0","tintindex":0}}}],"display":{"head":{"translation":[0.0,-6.4,0.0],"rotation":[0.0,0.0,0.0],"scale":[3.8095,3.8095,3.8095]}}}