{"textures":{"0":"minecraft:entity/fantasy/gusher","1":"minecraft:entity/fantasy/gusher_leaves"},"elements":[{"name":"cube","from":[5.8999996,5.0,7.7],"to":[10.1,11.0,8.3],"rotation":{"angle":0.0,"axis":"y","origin":[8.0,8.0,8.0]},"faces":{"down":{"uv":[0.0,8.0,0.25,8.5],"rotation":0,"texture":"#0","tintindex":0},"east":{"uv":[0.0,8.0,0.25,8.5],"rotation":0,"texture":"#0","tintindex":0},"north":{"uv":[0.0,8.0,4.0,12.75],"rotation":0,"texture":"#0","tintindex":0},"south":{"uv":[0.0,8.0,0.25,8.5],"rotation":0,"texture":"#0","tintindex":0},"up":{"uv":[0.0,8.0,0.25,8.5],"rotation":0,"texture":"#0","tintindex":0},"west":{"uv":[0.0,8.0,0.25,8.5],"rotation":0,"texture":"#0","tintindex":0}}},{"name":"cube inverted","from":[10.1,11.0,8.3],"to":[5.8999996,5.0,7.7],"rotation":{"angle":0.0,"axis":"y","origin":[8.0,8.0,8.0]},"faces":{"down":{"uv":[0.25,8.0,0.0,8.5],"rotation":0,"texture":"#0","tintindex":0},"east":{"uv":[0.0,8.5,0.25,8.0],"rotation":0,"texture":"#0","tintindex":0},"north":{"uv":[0.0,8.5,0.25,8.0],"rotation":0,"texture":"#0","tintindex":0},"south":{"uv":[0.0,12.75,4.0,8.0],"rotation":0,"texture":"#0","tintindex":0},"up":{"uv":[0.25,8.0,0.0,8.5],"rotation":0,"texture":"#0","tintindex":0},"west":{"uv":[0.0,8.5,0.25,8.0],"rotation":0,"texture":"#0","tintindex":0}}}],"display":{"head":{"translation":[0.0,-6.4,0.0],"rotation":[0.0,0.0,0.0],"scale":[3.8095,3.8095,3.8095]}}}