{"textures":{"0":"minecraft:entity/fantasy/gusher","1":"minecraft:entity/fantasy/gusher_leaves"},"elements":[{"name":"cube","from":[6.2,2.8999999,4.7],"to":[11.6,13.1,11.3],"rotation":{"angle":0.0,"axis":"x","origin":[8.0,8.0,8.0]},"faces":{"down":{"uv":[0.0,0.0,16.0,16.0],"rotation":0,"texture":"#1","tintindex":0},"east":{"uv":[0.0,0.0,16.0,16.0],"rotation":0,"texture":"#1","tintindex":0},"north":{"uv":[0.0,0.0,16.0,16.0],"rotation":0,"texture":"#1","tintindex":0},"south":{"uv":[0.0,0.0,16.0,16.0],"rotation":0,"texture":"#1","tintindex":0},"up":{"uv":[0.0,0.0,16.0,16.0],"rotation":0,"texture":"#1","tintindex":0},"west":{"uv":[0.0,0.0,16.0,16.0],"rotation":0,"texture":"#1","tintindex":0}}},{"name":"cube inverted","from":[11.6,13.1,11.3],"to":[6.2,2.8999999,4.7],"rotation":{"angle":0.0,"axis":"x","origin":[8.0,8.0,8.0]},"faces":{"down":{"uv":[16.0,0.0,0.0,16.0],"rotation":0,"texture":"#1","tintindex":0},"east":{"uv":[0.0,16.0,16.0,0.0],"rotation":0,"texture":"#1","tintindex":0},"north":{"uv":[0.0,16.0,16.0,0.0],"rotation":0,"texture":"#1","tintindex":0},"south":{"uv":[0.0,16.0,16.0,0.0],"rotation":0,"texture":"#1","tintindex":0},"up":{"uv":[16.0,0.0,0.0,16.0],"rotation":0,"texture":"#1","tintindex":0},"west":{"uv":[0.0,16.0,16.0,0.0],"rotation":0,"texture":"#1","tintindex":0}}}],"display":{"head":{"translation":[0.0,-6.4,0.0],"rotation":[0.0,0.0,0.0],"scale":[3.8095,3.8095,3.8095]}}}