{"textures":{"0":"minecraft:entity/fantasy/gusher","1":"minecraft:entity/fantasy/gusher_leaves"},"elements":[{"name":"cube","from":[-0.40000033,9.8,3.4999998],"to":[16.400002,11.6,18.5],"rotation":{"angle":0.0,"axis":"x","origin":[8.0,8.0,8.0]},"faces":{"down":{"uv":[0.0,0.0,16.0,1.5],"rotation":0,"texture":"#0","tintindex":0},"east":{"uv":[0.0,0.0,16.0,1.5],"rotation":0,"texture":"#0","tintindex":0},"north":{"uv":[0.0,0.0,16.0,1.5],"rotation":0,"texture":"#0","tintindex":0},"south":{"uv":[0.0,0.0,16.0,1.5],"rotation":0,"texture":"#0","tintindex":0},"up":{"uv":[0.0,0.0,16.0,1.5],"rotation":0,"texture":"#0","tintindex":0},"west":{"uv":[0.0,0.0,16.0,1.5],"rotation":0,"texture":"#0","tintindex":0}}},{"name":"cube","from":[-1.6000004,0.7999997,2.2999997],"to":[17.6,9.8,19.7],"rotation":{"angle":0.0,"axis":"x","origin":[8.0,8.0,8.0]},"faces":{"down":{"uv":[0.0,0.0,16.0,8.0],"rotation":0,"texture":"#0","tintindex":0},"east":{"uv":[0.0,0.0,16.0,8.0],"rotation":0,"texture":"#0","tintindex":0},"north":{"uv":[0.0,0.0,16.0,8.0],"rotation":0,"texture":"#0","tintindex":0},"south":{"uv":[0.0,0.0,16.0,8.0],"rotation":0,"texture":"#0","tintindex":0},"up":{"uv":[0.0,0.0,16.0,8.0],"rotation":0,"texture":"#0","tintindex":0},"west":{"uv":[0.0,0.0,16.0,8.0],"rotation":0,"texture":"#0","tintindex":0}}},{"name":"cube","from":[0.19999981,7.8214903,11.869657],"to":[7.4,14.421491,18.469656],"rotation":{"angle":-22.5,"axis":"x","origin":[3.7999997,11.1214905,16.369656]},"faces":{"down":{"uv":[14.0,15.0,16.0,16.0],"rotation":0,"texture":"#1","tintindex":0},"east":{"uv":[0.0,0.0,16.0,16.0],"rotation":0,"texture":"#1","tintindex":0},"north":{"uv":[0.0,0.0,16.0,16.0],"rotation":0,"texture":"#1","tintindex":0},"south":{"uv":[0.0,0.0,16.0,16.0],"rotation":0,"texture":"#1","tintindex":0},"up":{"uv":[0.0,0.0,16.0,16.0],"rotation":0,"texture":"#1","tintindex":0},"west":{"uv":[0.0,0.0,16.0,16.0],"rotation":0,"texture":"#1","tintindex":0}}},{"name":"cube","from":[-1.6000004,-4.6000004,7.1],"to":[5.0,1.9999998,13.7],"rotation":{"angle":0.0,"axis":"x","origin":[8.0,-17.8,7.7]},"faces":{"down":{"uv":[0.0,0.0,16.0,16.0],"rotation":0,"texture":"#1","tintindex":0},"east":{"uv":[0.0,0.0,16.0,16.0],"rotation":0,"texture":"#1","tintindex":0},"north":{"uv":[0.0,0.0,16.0,16.0],"rotation":0,"texture":"#1","tintindex":0},"south":{"uv":[0.0,0.0,16.0,16.0],"rotation":0,"texture":"#1","tintindex":0},"up":{"uv":[0.0,0.0,16.0,16.0],"rotation":0,"texture":"#1","tintindex":0},"west":{"uv":[0.0,0.0,16.0,16.0],"rotation":0,"texture":"#1","tintindex":0}}},{"name":"cube","from":[11.0,-8.8,11.900001],"to":[14.0,-0.40000033,17.900002],"rotation":{"angle":0.0,"axis":"x","origin":[8.0,-17.8,7.7]},"faces":{"down":{"uv":[0.0,0.0,16.0,16.0],"rotation":0,"texture":"#1","tintindex":0},"east":{"uv":[0.0,0.0,16.0,16.0],"rotation":0,"texture":"#1","tintindex":0},"north":{"uv":[0.0,0.0,16.0,16.0],"rotation":0,"texture":"#1","tintindex":0},"south":{"uv":[0.0,0.0,16.0,16.0],"rotation":0,"texture":"#1","tintindex":0},"up":{"uv":[0.0,0.0,16.0,16.0],"rotation":0,"texture":"#1","tintindex":0},"west":{"uv":[0.0,0.0,16.0,16.0],"rotation":0,"texture":"#1","tintindex":0}}},{"name":"cube inverted","from":[17.6,9.8,19.7],"to":[-1.6000004,0.7999997,2.2999997],"rotation":{"angle":0.0,"axis":"x","origin":[8.0,8.0,8.0]},"faces":{"down":{"uv":[16.0,0.0,0.0,8.0],"rotation":0,"texture":"#0","tintindex":0},"east":{"uv":[0.0,8.0,16.0,0.0],"rotation":0,"texture":"#0","tintindex":0},"north":{"uv":[0.0,8.0,16.0,0.0],"rotation":0,"texture":"#0","tintindex":0},"south":{"uv":[0.0,8.0,16.0,0.0],"rotation":0,"texture":"#0","tintindex":0},"up":{"uv":[16.0,0.0,0.0,8.0],"rotation":0,"texture":"#0","tintindex":0},"west":{"uv":[0.0,8.0,16.0,0.0],"rotation":0,"texture":"#0","tintindex":0}}},{"name":"cube inverted","from":[16.400002,11.6,18.5],"to":[-0.40000033,9.8,3.4999998],"rotation":{"angle":0.0,"axis":"x","origin":[8.0,8.0,8.0]},"faces":{"down":{"uv":[16.0,0.0,0.0,1.5],"rotation":0,"texture":"#0","tintindex":0},"east":{"uv":[0.0,1.5,16.0,0.0],"rotation":0,"texture":"#0","tintindex":0},"north":{"uv":[0.0,1.5,16.0,0.0],"rotation":0,"texture":"#0","tintindex":0},"south":{"uv":[0.0,1.5,16.0,0.0],"rotation":0,"texture":"#0","tintindex":0},"up":{"uv":[16.0,0.0,0.0,1.5],"rotation":0,"texture":"#0","tintindex":0},"west":{"uv":[0.0,1.5,16.0,0.0],"rotation":0,"texture":"#0","tintindex":0}}},{"name":"cube inverted","from":[14.0,-0.40000033,17.900002],"to":[11.0,-8.8,11.900001],"rotation":{"angle":0.0,"axis":"x","origin":[8.0,-17.8,7.7]},"faces":{"down":{"uv":[16.0,0.0,0.0,16.0],"rotation":0,"texture":"#1","tintindex":0},"east":{"uv":[0.0,16.0,16.0,0.0],"rotation":0,"texture":"#1","tintindex":0},"north":{"uv":[0.0,16.0,16.0,0.0],"rotation":0,"texture":"#1","tintindex":0},"south":{"uv":[0.0,16.0,16.0,0.0],"rotation":0,"texture":"#1","tintindex":0},"up":{"uv":[16.0,0.0,0.0,16.0],"rotation":0,"texture":"#1","tintindex":0},"west":{"uv":[0.0,16.0,16.0,0.0],"rotation":0,"texture":"#1","tintindex":0}}},{"name":"cube inverted","from":[5.0,1.9999998,13.7],"to":[-1.6000004,-4.6000004,7.1],"rotation":{"angle":0.0,"axis":"x","origin":[8.0,-17.8,7.7]},"faces":{"down":{"uv":[16.0,0.0,0.0,16.0],"rotation":0,"texture":"#1","tintindex":0},"east":{"uv":[0.0,16.0,16.0,0.0],"rotation":0,"texture":"#1","tintindex":0},"north":{"uv":[0.0,16.0,16.0,0.0],"rotation":0,"texture":"#1","tintindex":0},"south":{"uv":[0.0,16.0,16.0,0.0],"rotation":0,"texture":"#1","tintindex":0},"up":{"uv":[16.0,0.0,0.0,16.0],"rotation":0,"texture":"#1","tintindex":0},"west":{"uv":[0.0,16.0,16.0,0.0],"rotation":0,"texture":"#1","tintindex":0}}},{"name":"cube inverted","from":[7.4,14.421491,18.469656],"to":[0.19999981,7.8214903,11.869657],"rotation":{"angle":-22.5,"axis":"x","origin":[3.7999997,11.1214905,16.369656]},"faces":{"down":{"uv":[16.0,0.0,0.0,16.0],"rotation":0,"texture":"#1","tintindex":0},"east":{"uv":[0.0,16.0,16.0,0.0],"rotation":0,"texture":"#1","tintindex":0},"north":{"uv":[0.0,16.0,16.0,0.0],"rotation":0,"texture":"#1","tintindex":0},"south":{"uv":[0.0,16.0,16.0,0.0],"rotation":0,"texture":"#1","tintindex":0},"up":{"uv":[16.0,15.0,14.0,16.0],"rotation":0,"texture":"#1","tintindex":0},"west":{"uv":[0.0,16.0,16.0,0.0],"rotation":0,"texture":"#1","tintindex":0}}}],"display":{"head":{"translation":[0.0,-6.4,0.0],"rotation":[0.0,0.0,0.0],"scale":[3.8095,3.8095,3.8095]}}}