{
	"custom.lowbeat": {
		"sounds": [{
			"name": "acxxiit:custom/lowbeat"
		}]
	},
	"custom.highbeat": {
		"sounds": [{
			"name": "acxxiit:custom/highbeat"
		}]
	},
	"custom.chirp": {
		"sounds": [{
			"name": "acxxiit:custom/chirp1",
			"preload": true
		}]
	},
	"custom.notification": {
		"sounds": [{
			"name": "acxxiit:custom/notification"
		}]
	},
	"custom.delete": {
		"sounds": [{
			"name": "acxxiit:custom/delete"
		}]
	},
	"custom.biome": {
		"sounds": [{
			"name": "acxxiit:custom/biome1"
		}]
	},
	"custom.intro": {
		"sounds": [{
			"name": "acxxiit:custom/intro"
		}]
	},
	"custom.spawnmain": {
		"sounds": [{
			"name": "acxxiit:custom/spawnmain"
		}]
	},
	"custom.spawn": {
		"sounds": [{
			"name": "acxxiit:custom/spawn"
		}]
	},
	"custom.planetcreate": {
		"sounds": [{
			"name": "acxxiit:custom/worldcreate"
		}]
	},
	"area.radio_station.inner": {
		"sounds": [{
			"name": "acxxiit:custom/station"
		}]
	},
	"environment.swamp": {
		"sounds": [{
			"name": "acxxiit:custom/environment_swamp"
		}]
	},
	"entity.cityfolk.provoked": {
		"subtitle": "subtitles.entity.cityfolk.provoked",
		"sounds": [{
			"name": "acxxiit:entity/cityfolk/voked1"
		}, {
			"name": "acxxiit:entity/cityfolk/voked2"
		}, {
			"name": "acxxiit:entity/cityfolk/voked3"
		}, {
			"name": "acxxiit:entity/cityfolk/voked4"
		}]
	},
	"entity.cityfolk.provoked.aggressive": {
		"subtitle": "subtitles.entity.cityfolk.provoked.aggressive",
		"sounds": [{
			"name": "acxxiit:entity/cityfolk/voked1",
			"pitch": 0.9
		}, {
			"name": "acxxiit:entity/cityfolk/voked2",
			"pitch": 0.9
		}, {
			"name": "acxxiit:entity/cityfolk/voked3",
			"pitch": 0.9
		}, {
			"name": "acxxiit:entity/cityfolk/voked4",
			"pitch": 0.9
		}]
	},
	"block.holystone.break": {
		"subtitle": "subtitles.block.generic.break",
		"sounds": [{
			"name": "acxxiit:custom/aetherstonebreak"
		}]
	},
	"music.aether4": {
		"sounds": [{
			"name": "acxxiit:custom/aether4",
			"stream": true
		}]
	},
	"music.aether5": {
		"sounds": [{
			"name": "acxxiit:custom/aether5",
			"stream": true
		}]
	},
	"ambiance.drone": {
		"sounds": [{
			"name": "acxxiit:custom/drone"
		}]
	},
	"entity.squirrel.ambient": {
		"subtitle": "subtitles.entity.squirrel.ambient",
		"sounds": [{
			"name": "acxxiit:entity/squirrel/ambient1"
		}, {
			"name": "acxxiit:entity/squirrel/ambient2"
		}, {
			"name": "acxxiit:entity/squirrel/ambient3"
		}]
	},
	"custom.achievement": {
		"sounds": [{
			"name": "acxxiit:custom/achievement"
		}]
	},
	"custom.burn": {
		"subtitle": "subtitles.custom.burn",
		"sounds": [{
			"name": "acxxiit:custom/burn"
		}]
	},
	"item.love_medallion.use": {
		"subtitle": "subtitles.item.love_medallion.use",
		"sounds": [{
			"name": "acxxiit:item/love_medallion_activate"
		}]
	},
	"item.music_disc.jitc": {
		"sounds": [{
			"name": "acxxiit:custom/ost/jewels_in_the_clouds",
			"stream": true
		}]
	},
	"music.hub": {
		"sounds": [{
			"name": "acxxiit:custom/ost/jewels_in_the_clouds",
			"stream": true
		}]
	},
	"item.ice_wand.use": {
		"subtitle": "subtitles.item.ice_wand.use",
		"sounds": [{
			"name": "acxxiit:item/weapon/ice_wand/freeze_justinvoke"
		}]
	},
	"misc.drop": {
		"sounds": [{
			"name": "acxxiit:custom/maxbase"
		}]
	},
	"misc.ambiance": {
		"sounds": [{
			"name": "acxxiit:custom/sus_ambient"
		}]
	},
	"music.main": {
		"sounds": [{
			"name": "acxxiit:custom/ost/02"
		}]
	},
	"music.intro": {
		"sounds": [{
			"name": "acxxiit:custom/ost/0"
		}]
	},
	"entity.quest_giver.ambient": {
		"subtitle": "subtitles.entity.quest_giver.ambient",
		"sounds": [{
			"name": "minecraft:mob/wandering_trader/idle1"
		}, {
			"name": "minecraft:mob/wandering_trader/idle2"
		}, {
			"name": "minecraft:mob/wandering_trader/idle3"
		}, {
			"name": "minecraft:mob/wandering_trader/idle4"
		}, {
			"name": "minecraft:mob/wandering_trader/idle5"
		}]
	},
	"block.compound_quartz.break": {
		"subtitle": "subtitles.block.generic.break",
		"sounds": [{
			"name": "acxxiit:custom/compound_quartz_break"
		}]
	},
	"entity.iceologer.ambient": {
		"subtitle": "subtitles.entity.iceologer.ambient",
		"sounds": [{
			"name": "acxxiit:entity/iceologer/ambient1"
		}, {
			"name": "acxxiit:entity/iceologer/ambient2"
		}, {
			"name": "acxxiit:entity/iceologer/ambient3"
		}]
	},
	"entity.iceologer.hurt": {
		"subtitle": "subtitles.entity.iceologer.hurt",
		"sounds": [{
			"name": "acxxiit:entity/iceologer/hurt1"
		}, {
			"name": "acxxiit:entity/iceologer/hurt2"
		}, {
			"name": "acxxiit:entity/iceologer/hurt3"
		}]
	},
	"entity.iceologer.death": {
		"subtitle": "subtitles.entity.iceologer.death",
		"sounds": [{
			"name": "acxxiit:entity/iceologer/death1"
		}, {
			"name": "acxxiit:entity/iceologer/death2"
		}, {
			"name": "acxxiit:entity/iceologer/death3"
		}]
	},
	"entity.iceologer.step": {
		"subtitle": "subtitles.block.generic.footsteps",
		"sounds": []
	},
	"entity.enchanter.ambient": {
		"subtitle": "subtitles.entity.enchanter.ambient",
		"sounds": [{
			"name": "acxxiit:entity/enchanter/ambient1"
		}, {
			"name": "acxxiit:entity/enchanter/ambient2"
		}, {
			"name": "acxxiit:entity/enchanter/ambient3"
		}]
	},
	"entity.enchanter.hurt": {
		"subtitle": "subtitles.entity.enchanter.hurt",
		"sounds": [{
			"name": "acxxiit:entity/enchanter/hurt1"
		}, {
			"name": "acxxiit:entity/enchanter/hurt2"
		}, {
			"name": "acxxiit:entity/enchanter/hurt3"
		}]
	},
	"entity.enchanter.death": {
		"subtitle": "subtitles.entity.enchanter.death",
		"sounds": [{
			"name": "acxxiit:entity/enchanter/death1"
		}, {
			"name": "acxxiit:entity/enchanter/death2"
		}, {
			"name": "acxxiit:entity/enchanter/death3"
		}]
	},
	"entity.enchanter.step": {
		"subtitle": "subtitles.block.generic.footsteps",
		"sounds": []
	},
	"entity.enchanter.prepare_enchant": {
		"subtitle": "subtitles.entity.enchanter.prepare_enchant",
		"sounds": [{
			"name": "acxxiit:entity/enchanter/prepare_enchant1"
		}, {
			"name": "acxxiit:entity/enchanter/prepare_enchant2"
		}]
	},
	"entity.enchanter.cast_spell": {
		"subtitle": "subtitles.entity.enchanter.cast_spell",
		"sounds": [{
			"name": "acxxiit:entity/enchanter/spell1"
		}]
	},
	"entity.moobloom.ambient": {
		"subtitles": "subtitles.entity.moobloom.ambient",
		"sounds": [{
			"name": "minecraft:mob/cow/say1",
			"volume": 0.4,
			"pitch": 0.8
		}, {
			"name": "minecraft:mob/cow/say2",
			"volume": 0.4,
			"pitch": 0.8
		}, {
			"name": "minecraft:mob/cow/say3",
			"volume": 0.4,
			"pitch": 0.8
		}, {
			"name": "minecraft:mob/cow/say4",
			"volume": 0.4,
			"pitch": 0.8
		}, {
			"name": "minecraft:mob/cow/say1",
			"volume": 0.4,
			"pitch": 0.9
		}, {
			"name": "minecraft:mob/cow/say2",
			"volume": 0.4,
			"pitch": 0.9
		}, {
			"name": "minecraft:mob/cow/say3",
			"volume": 0.4,
			"pitch": 0.9
		}, {
			"name": "minecraft:mob/cow/say4",
			"volume": 0.4,
			"pitch": 0.9
		}, {
			"name": "minecraft:mob/cow/say1",
			"volume": 0.4,
			"pitch": 1.0
		}, {
			"name": "minecraft:mob/cow/say2",
			"volume": 0.4,
			"pitch": 1.0
		}, {
			"name": "minecraft:mob/cow/say3",
			"volume": 0.4,
			"pitch": 1.0
		}, {
			"name": "minecraft:mob/cow/say4",
			"volume": 0.4,
			"pitch": 1.0
		}, {
			"name": "minecraft:mob/cow/say1",
			"volume": 0.4,
			"pitch": 1.1
		}, {
			"name": "minecraft:mob/cow/say2",
			"volume": 0.4,
			"pitch": 1.1
		}, {
			"name": "minecraft:mob/cow/say3",
			"volume": 0.4,
			"pitch": 1.1
		}, {
			"name": "minecraft:mob/cow/say4",
			"volume": 0.4,
			"pitch": 1.1
		}, {
			"name": "minecraft:mob/cow/say1",
			"volume": 0.4,
			"pitch": 1.2
		}, {
			"name": "minecraft:mob/cow/say2",
			"volume": 0.4,
			"pitch": 1.2
		}, {
			"name": "minecraft:mob/cow/say3",
			"volume": 0.4,
			"pitch": 1.2
		}, {
			"name": "minecraft:mob/cow/say4",
			"volume": 0.4,
			"pitch": 1.2
		}]
	},
	"entity.moobloom.hurt": {
		"subtitles": "subtitles.entity.moobloom.hurt",
		"sounds": [{
			"name": "minecraft:mob/cow/hurt1",
			"volume": 0.4,
			"pitch": 0.8
		}, {
			"name": "minecraft:mob/cow/hurt2",
			"volume": 0.4,
			"pitch": 0.8
		}, {
			"name": "minecraft:mob/cow/hurt3",
			"volume": 0.4,
			"pitch": 0.8
		}, {
			"name": "minecraft:mob/cow/hurt1",
			"volume": 0.4,
			"pitch": 1.0
		}, {
			"name": "minecraft:mob/cow/hurt2",
			"volume": 0.4,
			"pitch": 1.0
		}, {
			"name": "minecraft:mob/cow/hurt3",
			"volume": 0.4,
			"pitch": 1.0
		}]
	},
	"entity.moobloom.death": {
		"subtitles": "subtitles.entity.moobloom.death",
		"sounds": [{
			"name": "minecraft:mob/cow/hurt1",
			"volume": 0.4,
			"pitch": 0.8
		}, {
			"name": "minecraft:mob/cow/hurt2",
			"volume": 0.4,
			"pitch": 0.8
		}, {
			"name": "minecraft:mob/cow/hurt3",
			"volume": 0.4,
			"pitch": 0.8
		}, {
			"name": "minecraft:mob/cow/hurt1",
			"volume": 0.4,
			"pitch": 0.9
		}, {
			"name": "minecraft:mob/cow/hurt2",
			"volume": 0.4,
			"pitch": 0.9
		}, {
			"name": "minecraft:mob/cow/hurt3",
			"volume": 0.4,
			"pitch": 0.9
		}, {
			"name": "minecraft:mob/cow/hurt1",
			"volume": 0.4,
			"pitch": 1.0
		}, {
			"name": "minecraft:mob/cow/hurt2",
			"volume": 0.4,
			"pitch": 1.0
		}, {
			"name": "minecraft:mob/cow/hurt3",
			"volume": 0.4,
			"pitch": 1.0
		}, {
			"name": "minecraft:mob/cow/hurt1",
			"volume": 0.4,
			"pitch": 1.1
		}, {
			"name": "minecraft:mob/cow/hurt2",
			"volume": 0.4,
			"pitch": 1.1
		}, {
			"name": "minecraft:mob/cow/hurt3",
			"volume": 0.4,
			"pitch": 1.1
		}, {
			"name": "minecraft:mob/cow/hurt1",
			"volume": 0.4,
			"pitch": 1.2
		}, {
			"name": "minecraft:mob/cow/hurt2",
			"volume": 0.4,
			"pitch": 1.2
		}, {
			"name": "minecraft:mob/cow/hurt3",
			"volume": 0.4,
			"pitch": 1.2
		}]
	},
	"entity.moobloom.step": {
		"subtitles": "subtitles.block.generic.footsteps",
		"sounds": [{
			"name": "minecraft:mob/cow/step1",
			"volume": 0.15
		}, {
			"name": "minecraft:mob/cow/step2",
			"volume": 0.15
		}, {
			"name": "minecraft:mob/cow/step3",
			"volume": 0.15
		}]
	},
	"entity.moobloom.milk": {
		"subtitles": "subtitles.entity.moobloom.milk",
		"sounds": [{
			"name": "minecraft:mob/cow/milk1"
		}, {
			"name": "minecraft:mob/cow/milk2"
		}, {
			"name": "minecraft:mob/cow/milk3"
		}]
	},
	"entity.moobloom.plant": {
		"sounds": [{
			"name": "acxxiit:entity/moobloom/plant1"
		}]
	},
	"entity.clam.idle": {
		"subtitle": "subtitles.entity.clam.idle",
		"sounds": []
	},
	"entity.clam.hurt": {
		"subtitle": "subtitles.entity.clam.hurt",
		"sounds": []
	},
	"entity.clam.death": {
		"subtitle": "subtitles.entity.clam.death",
		"sounds": [{
			"name": "acxxiit:entity/clam/death1"
		}, {
			"name": "acxxiit:entity/clam/death2"
		}, {
			"name": "acxxiit:entity/clam/death3"
		}]
	},
	"entity.clam.open": {
		"subtitle": "subtitles.entity.clam.open",
		"sounds": [{
			"name": "acxxiit:entity/clam/open1"
		}, {
			"name": "acxxiit:entity/clam/open2"
		}, {
			"name": "acxxiit:entity/clam/open3"
		}]
	},
	"entity.clam.close": {
		"subtitle": "subtitles.entity.clam.close",
		"sounds": [{
			"name": "acxxiit:entity/clam/close1"
		}, {
			"name": "acxxiit:entity/clam/close2"
		}, {
			"name": "acxxiit:entity/clam/close3"
		}]
	},
	"item.lightning_rod.use": {
		"subtitle": "subtitles.entity.lightning_bolt.thunder",
		"sounds": [{
			"name": "acxxiit:item/lightning_rod/strike1",
			"attenuation_distance": 160000
		}, {
			"name": "acxxiit:item/lightning_rod/strike2",
			"attenuation_distance": 160000
		}, {
			"name": "acxxiit:item/lightning_rod/strike3",
			"attenuation_distance": 160000
		}, {
			"name": "acxxiit:item/lightning_rod/strike4",
			"attenuation_distance": 160000
		}]
	}
}